mes;dia;hora;argila_fornecedor_a;qualidade_engobe_a;qualidade_impressao_a;qualidade_esmaltacao_a;qualidade_forno_a;qualidade_escolha_a;argila_fornecedor_b;qualidade_engobe_b;qualidade_impressao_b;qualidade_esmaltacao_b;qualidade_forno_b;qualidade_escolha_b;argila_a_custo;engobe_a_custo;impressao_a_custo;esmaltacao_a_custo;forno_a_custo;escolha_a_custo;argila_b_custo;engobe_b_custo;impressao_b_custo;esmaltacao_b_custo;forno_b_custo;escolha_b_custo
Mes 2;Dia 1;00:00;95;70;74;72;80;75;68;76;79;73;85;96;9.9;5.78;0;0;6.46;0;12.46;5.43;0;0;6.46;0
Mes 2;Dia 1;01:00;95;69;83;92;74;81;84;90;86;74;81;96;9.9;5.78;0;0;6.46;0;12.46;5.43;0;0;6.46;0
Mes 2;Dia 1;02:00;76;72;69;88;72;79;71;96;92;84;72;78;9.9;5.78;0;0;6.46;0;12.46;5.43;0;0;6.46;0
Mes 2;Dia 1;03:00;88;91;75;84;67;71;76;81;67;79;87;77;9.9;5.78;0;0;6.46;0;12.46;5.43;0;0;6.46;0
Mes 2;Dia 1;04:00;91;95;86;95;73;93;87;85;70;88;79;74;9.9;5.78;0;0;6.46;0;12.46;5.43;0;0;6.46;0
Mes 2;Dia 1;05:00;88;97;88;76;85;80;71;97;81;84;96;91;9.9;5.78;0;0;6.46;0;12.46;5.43;0;0;6.46;0
Mes 2;Dia 1;06:00;95;95;96;71;86;76;78;71;82;72;69;79;9.9;5.78;0;0;6.46;0;12.46;5.43;0;0;6.46;0
Mes 2;Dia 1;07:00;86;85;67;90;79;96;92;90;72;87;92;96;9.9;5.78;0;0;6.46;0;12.46;5.43;0;0;6.46;0
Mes 2;Dia 1;08:00;79;86;80;92;76;74;78;85;85;79;81;81;9.9;5.78;0;0;6.46;0;12.46;5.43;0;0;6.46;0
Mes 2;Dia 1;09:00;92;71;94;84;96;81;86;95;92;70;92;69;9.9;5.78;0;0;6.46;0;12.46;5.43;0;0;6.46;0
Mes 2;Dia 1;10:00;88;79;77;81;77;85;93;76;73;71;88;75;9.9;5.78;0;0;6.46;0;12.46;5.43;0;0;6.46;0
Mes 2;Dia 1;11:00;96;78;94;86;77;71;98;82;76;83;74;95;9.9;5.78;0;0;6.46;0;12.46;5.43;0;0;6.46;0
Mes 2;Dia 1;12:00;89;89;85;94;76;82;98;87;89;79;70;89;9.9;5.78;0;0;6.46;0;12.46;5.43;0;0;6.46;0
Mes 2;Dia 1;13:00;74;88;90;86;89;69;81;69;78;83;67;98;9.9;5.78;0;0;6.46;0;12.46;5.43;0;0;6.46;0
Mes 2;Dia 1;14:00;77;71;92;91;98;70;76;84;84;72;85;69;9.9;5.78;0;0;6.46;0;12.46;5.43;0;0;6.46;0
Mes 2;Dia 1;15:00;88;92;71;96;89;68;97;73;94;67;83;80;9.9;5.78;0;0;6.46;0;12.46;5.43;0;0;6.46;0
Mes 2;Dia 1;16:00;79;89;81;68;77;85;69;76;93;69;90;88;9.9;5.78;0;0;6.46;0;12.46;5.43;0;0;6.46;0
Mes 2;Dia 1;17:00;94;95;78;97;68;79;84;88;85;68;67;84;9.9;5.78;0;0;6.46;0;12.46;5.43;0;0;6.46;0
Mes 2;Dia 1;18:00;92;69;92;89;93;79;75;95;97;75;93;81;9.9;5.78;0;0;6.46;0;12.46;5.43;0;0;6.46;0
Mes 2;Dia 1;19:00;95;97;92;96;67;71;76;75;73;98;78;79;9.9;5.78;0;0;6.46;0;12.46;5.43;0;0;6.46;0
Mes 2;Dia 1;20:00;71;75;88;79;97;88;85;68;94;91;79;74;9.9;5.78;0;0;6.46;0;12.46;5.43;0;0;6.46;0
Mes 2;Dia 1;21:00;77;97;91;92;89;86;81;90;97;97;81;76;9.9;5.78;0;0;6.46;0;12.46;5.43;0;0;6.46;0
Mes 2;Dia 1;22:00;67;67;89;98;87;98;91;93;82;88;94;96;9.9;5.78;0;0;6.46;0;12.46;5.43;0;0;6.46;0
Mes 2;Dia 1;23:00;68;74;74;87;70;94;86;87;88;83;74;83;9.9;5.78;0;0;6.46;0;12.46;5.43;0;0;6.46;0
Mes 2;Dia 2;00:00;70;94;96;80;81;86;88;83;85;81;73;87;9.9;5.78;0;0;6.46;0;12.46;5.43;0;0;6.46;0
Mes 2;Dia 2;01:00;96;79;91;70;85;79;79;81;80;84;74;92;9.9;5.78;0;0;6.46;0;12.46;5.43;0;0;6.46;0
Mes 2;Dia 2;02:00;86;79;72;84;77;84;88;85;98;98;69;74;9.9;5.78;0;0;6.46;0;12.46;5.43;0;0;6.46;0
Mes 2;Dia 2;03:00;88;71;96;96;89;72;81;98;75;73;87;88;9.9;5.78;0;0;6.46;0;12.46;5.43;0;0;6.46;0
Mes 2;Dia 2;04:00;68;88;93;87;78;74;96;86;89;90;92;82;9.9;5.78;0;0;6.46;0;12.46;5.43;0;0;6.46;0
Mes 2;Dia 2;05:00;69;73;74;79;80;96;70;84;91;68;72;89;9.9;5.78;0;0;6.46;0;12.46;5.43;0;0;6.46;0
Mes 2;Dia 2;06:00;93;84;74;83;74;74;96;92;86;74;73;72;9.9;5.78;0;0;6.46;0;12.46;5.43;0;0;6.46;0
Mes 2;Dia 2;07:00;80;97;91;88;85;67;73;80;78;85;92;69;9.9;5.78;0;0;6.46;0;12.46;5.43;0;0;6.46;0
Mes 2;Dia 2;08:00;73;93;74;76;81;79;90;98;96;96;71;85;9.9;5.78;0;0;6.46;0;12.46;5.43;0;0;6.46;0
Mes 2;Dia 2;09:00;79;88;94;87;68;95;67;98;90;90;72;98;9.9;5.78;0;0;6.46;0;12.46;5.43;0;0;6.46;0
Mes 2;Dia 2;10:00;79;96;92;87;97;77;87;84;77;87;82;85;9.9;5.78;0;0;6.46;0;12.46;5.43;0;0;6.46;0
Mes 2;Dia 2;11:00;91;67;89;93;94;86;74;73;72;83;91;73;9.9;5.78;0;0;6.46;0;12.46;5.43;0;0;6.46;0
Mes 2;Dia 2;12:00;75;82;80;92;69;80;88;94;83;76;79;78;9.9;5.78;0;0;6.46;0;12.46;5.43;0;0;6.46;0
Mes 2;Dia 2;13:00;97;70;98;74;94;77;92;71;74;70;80;83;9.9;5.78;0;0;6.46;0;12.46;5.43;0;0;6.46;0
Mes 2;Dia 2;14:00;75;73;72;83;71;77;78;83;81;91;76;93;9.9;5.78;0;0;6.46;0;12.46;5.43;0;0;6.46;0
Mes 2;Dia 2;15:00;67;67;78;71;98;86;77;76;85;74;87;68;9.9;5.78;0;0;6.46;0;12.46;5.43;0;0;6.46;0
Mes 2;Dia 2;16:00;90;71;78;84;68;89;81;95;80;67;98;69;9.9;5.78;0;0;6.46;0;12.46;5.43;0;0;6.46;0
Mes 2;Dia 2;17:00;83;67;74;93;94;69;94;83;71;81;69;92;9.9;5.78;0;0;6.46;0;12.46;5.43;0;0;6.46;0
Mes 2;Dia 2;18:00;70;88;88;90;81;67;83;88;73;96;74;74;9.9;5.78;0;0;6.46;0;12.46;5.43;0;0;6.46;0
Mes 2;Dia 2;19:00;94;71;95;91;69;89;85;89;75;96;92;92;9.9;5.78;0;0;6.46;0;12.46;5.43;0;0;6.46;0
Mes 2;Dia 2;20:00;84;90;73;77;69;70;77;96;77;76;69;75;9.9;5.78;0;0;6.46;0;12.46;5.43;0;0;6.46;0
Mes 2;Dia 2;21:00;92;97;79;77;85;76;89;96;69;90;68;89;9.9;5.78;0;0;6.46;0;12.46;5.43;0;0;6.46;0
Mes 2;Dia 2;22:00;97;95;91;86;95;75;85;96;77;71;74;93;9.9;5.78;0;0;6.46;0;12.46;5.43;0;0;6.46;0
Mes 2;Dia 2;23:00;85;69;89;93;90;89;76;71;95;88;81;77;9.9;5.78;0;0;6.46;0;12.46;5.43;0;0;6.46;0
Mes 2;Dia 3;00:00;97;79;97;86;76;71;68;77;81;97;80;74;9.9;5.78;0;0;6.46;0;12.46;5.43;0;0;6.46;0
Mes 2;Dia 3;01:00;97;94;74;85;71;72;98;92;92;87;79;92;9.9;5.78;0;0;6.46;0;12.46;5.43;0;0;6.46;0
Mes 2;Dia 3;02:00;70;76;71;94;96;92;90;81;69;77;92;77;9.9;5.78;0;0;6.46;0;12.46;5.43;0;0;6.46;0
Mes 2;Dia 3;03:00;79;79;90;93;95;82;75;91;76;93;98;98;9.9;5.78;0;0;6.46;0;12.46;5.43;0;0;6.46;0
Mes 2;Dia 3;04:00;90;81;80;96;84;69;85;76;83;88;82;92;9.9;5.78;0;0;6.46;0;12.46;5.43;0;0;6.46;0
Mes 2;Dia 3;05:00;95;95;75;80;88;86;79;92;74;71;83;72;9.9;5.78;0;0;6.46;0;12.46;5.43;0;0;6.46;0
Mes 2;Dia 3;06:00;67;70;70;94;67;79;95;97;93;80;83;72;9.9;5.78;0;0;6.46;0;12.46;5.43;0;0;6.46;0
Mes 2;Dia 3;07:00;73;92;96;96;93;68;69;75;75;90;85;91;9.9;5.78;0;0;6.46;0;12.46;5.43;0;0;6.46;0
Mes 2;Dia 3;08:00;86;83;73;89;71;84;73;89;82;80;82;86;9.9;5.78;0;0;6.46;0;12.46;5.43;0;0;6.46;0
Mes 2;Dia 3;09:00;76;98;75;74;79;72;86;98;77;95;92;81;9.9;5.78;0;0;6.46;0;12.46;5.43;0;0;6.46;0
Mes 2;Dia 3;10:00;71;94;75;81;75;83;93;77;77;74;70;75;9.9;5.78;0;0;6.46;0;12.46;5.43;0;0;6.46;0
Mes 2;Dia 3;11:00;81;83;69;69;70;92;67;85;70;70;86;78;9.9;5.78;0;0;6.46;0;12.46;5.43;0;0;6.46;0
Mes 2;Dia 3;12:00;67;83;80;73;78;76;70;80;85;85;81;76;9.9;5.78;0;0;6.46;0;12.46;5.43;0;0;6.46;0
Mes 2;Dia 3;13:00;75;91;71;96;77;73;80;76;78;95;73;69;9.9;5.78;0;0;6.46;0;12.46;5.43;0;0;6.46;0
Mes 2;Dia 3;14:00;77;76;97;86;79;86;90;86;73;72;78;77;9.9;5.78;0;0;6.46;0;12.46;5.43;0;0;6.46;0
Mes 2;Dia 3;15:00;70;69;81;82;80;70;78;86;87;85;97;98;9.9;5.78;0;0;6.46;0;12.46;5.43;0;0;6.46;0
Mes 2;Dia 3;16:00;77;98;97;86;92;96;83;72;73;87;77;76;9.9;5.78;0;0;6.46;0;12.46;5.43;0;0;6.46;0
Mes 2;Dia 3;17:00;70;79;88;92;93;88;95;70;69;76;89;85;9.9;5.78;0;0;6.46;0;12.46;5.43;0;0;6.46;0
Mes 2;Dia 3;18:00;80;92;74;98;79;84;92;84;86;96;87;73;9.9;5.78;0;0;6.46;0;12.46;5.43;0;0;6.46;0
Mes 2;Dia 3;19:00;87;83;88;81;81;71;97;93;79;85;74;92;9.9;5.78;0;0;6.46;0;12.46;5.43;0;0;6.46;0
Mes 2;Dia 3;20:00;76;91;98;70;92;86;84;84;72;84;89;78;9.9;5.78;0;0;6.46;0;12.46;5.43;0;0;6.46;0
Mes 2;Dia 3;21:00;83;72;78;68;68;87;88;79;69;91;74;78;9.9;5.78;0;0;6.46;0;12.46;5.43;0;0;6.46;0
Mes 2;Dia 3;22:00;82;98;78;75;78;87;88;72;92;79;92;87;9.9;5.78;0;0;6.46;0;12.46;5.43;0;0;6.46;0
Mes 2;Dia 3;23:00;89;95;91;97;78;95;74;94;76;70;69;80;9.9;5.78;0;0;6.46;0;12.46;5.43;0;0;6.46;0
Mes 2;Dia 4;00:00;83;91;86;95;68;97;79;84;84;74;79;70;9.9;5.78;0;0;6.46;0;12.46;5.43;0;0;6.46;0
Mes 2;Dia 4;01:00;98;70;81;98;98;82;93;92;70;70;91;96;9.9;5.78;0;0;6.46;0;12.46;5.43;0;0;6.46;0
Mes 2;Dia 4;02:00;88;77;92;85;69;86;76;67;69;86;90;95;9.9;5.78;0;0;6.46;0;12.46;5.43;0;0;6.46;0
Mes 2;Dia 4;03:00;81;97;73;83;87;88;69;95;82;97;98;84;9.9;5.78;0;0;6.46;0;12.46;5.43;0;0;6.46;0
Mes 2;Dia 4;04:00;93;90;71;73;91;80;96;83;97;80;68;79;9.9;5.78;0;0;6.46;0;12.46;5.43;0;0;6.46;0
Mes 2;Dia 4;05:00;81;95;96;89;87;86;90;90;84;76;84;94;9.9;5.78;0;0;6.46;0;12.46;5.43;0;0;6.46;0
Mes 2;Dia 4;06:00;92;71;78;82;87;97;83;71;82;91;75;74;9.9;5.78;0;0;6.46;0;12.46;5.43;0;0;6.46;0
Mes 2;Dia 4;07:00;97;92;95;93;78;77;78;80;67;82;75;94;9.9;5.78;0;0;6.46;0;12.46;5.43;0;0;6.46;0
Mes 2;Dia 4;08:00;96;85;91;75;96;97;98;78;89;93;87;69;9.9;5.78;0;0;6.46;0;12.46;5.43;0;0;6.46;0
Mes 2;Dia 4;09:00;84;83;77;94;97;97;91;97;93;75;76;82;9.9;5.78;0;0;6.46;0;12.46;5.43;0;0;6.46;0
Mes 2;Dia 4;10:00;91;74;85;67;80;84;83;72;90;70;69;67;9.9;5.78;0;0;6.46;0;12.46;5.43;0;0;6.46;0
Mes 2;Dia 4;11:00;90;76;90;93;87;97;93;77;71;74;98;84;9.9;5.78;0;0;6.46;0;12.46;5.43;0;0;6.46;0
Mes 2;Dia 4;12:00;98;70;97;90;84;98;76;96;67;71;97;94;9.9;5.78;0;0;6.46;0;12.46;5.43;0;0;6.46;0
Mes 2;Dia 4;13:00;84;79;72;82;77;84;94;71;68;81;71;73;9.9;5.78;0;0;6.46;0;12.46;5.43;0;0;6.46;0
Mes 2;Dia 4;14:00;79;67;86;74;77;72;75;86;80;82;73;72;9.9;5.78;0;0;6.46;0;12.46;5.43;0;0;6.46;0
Mes 2;Dia 4;15:00;79;72;87;71;96;93;84;93;75;88;84;96;9.9;5.78;0;0;6.46;0;12.46;5.43;0;0;6.46;0
Mes 2;Dia 4;16:00;98;92;81;72;85;86;90;95;74;95;95;88;9.9;5.78;0;0;6.46;0;12.46;5.43;0;0;6.46;0
Mes 2;Dia 4;17:00;71;77;77;88;92;98;93;69;93;85;74;79;9.9;5.78;0;0;6.46;0;12.46;5.43;0;0;6.46;0
Mes 2;Dia 4;18:00;70;88;73;69;89;68;80;68;97;95;70;96;9.9;5.78;0;0;6.46;0;12.46;5.43;0;0;6.46;0
Mes 2;Dia 4;19:00;87;98;70;89;67;80;86;69;79;96;87;80;9.9;5.78;0;0;6.46;0;12.46;5.43;0;0;6.46;0
Mes 2;Dia 4;20:00;68;84;91;90;90;71;91;72;78;74;74;83;9.9;5.78;0;0;6.46;0;12.46;5.43;0;0;6.46;0
Mes 2;Dia 4;21:00;83;75;94;69;76;87;87;86;72;80;67;92;9.9;5.78;0;0;6.46;0;12.46;5.43;0;0;6.46;0
Mes 2;Dia 4;22:00;69;85;71;81;79;68;88;67;79;83;86;91;9.9;5.78;0;0;6.46;0;12.46;5.43;0;0;6.46;0
Mes 2;Dia 4;23:00;73;97;84;76;84;84;79;71;81;85;95;92;9.9;5.78;0;0;6.46;0;12.46;5.43;0;0;6.46;0
Mes 2;Dia 5;00:00;70;69;80;94;92;80;69;90;82;89;83;77;9.9;5.78;0;0;6.46;0;12.46;5.43;0;0;6.46;0
Mes 2;Dia 5;01:00;80;96;77;95;69;93;81;90;73;83;78;70;9.9;5.78;0;0;6.46;0;12.46;5.43;0;0;6.46;0
Mes 2;Dia 5;02:00;74;86;82;81;87;82;82;78;77;79;82;73;9.9;5.78;0;0;6.46;0;12.46;5.43;0;0;6.46;0
Mes 2;Dia 5;03:00;85;77;68;86;72;89;79;94;93;68;97;73;9.9;5.78;0;0;6.46;0;12.46;5.43;0;0;6.46;0
Mes 2;Dia 5;04:00;68;83;88;82;69;88;83;67;70;85;84;71;9.9;5.78;0;0;6.46;0;12.46;5.43;0;0;6.46;0
Mes 2;Dia 5;05:00;94;79;98;87;92;90;89;87;87;95;95;81;9.9;5.78;0;0;6.46;0;12.46;5.43;0;0;6.46;0
Mes 2;Dia 5;06:00;70;71;94;97;73;70;72;88;68;88;75;84;9.9;5.78;0;0;6.46;0;12.46;5.43;0;0;6.46;0
Mes 2;Dia 5;07:00;72;83;71;71;67;95;96;94;98;85;91;86;9.9;5.78;0;0;6.46;0;12.46;5.43;0;0;6.46;0
Mes 2;Dia 5;08:00;69;72;98;69;88;98;84;97;94;96;74;67;9.9;5.78;0;0;6.46;0;12.46;5.43;0;0;6.46;0
Mes 2;Dia 5;09:00;76;75;67;75;74;93;86;77;74;78;80;79;9.9;5.78;0;0;6.46;0;12.46;5.43;0;0;6.46;0
Mes 2;Dia 5;10:00;87;78;70;97;79;81;97;91;79;76;97;84;9.9;5.78;0;0;6.46;0;12.46;5.43;0;0;6.46;0
Mes 2;Dia 5;11:00;86;83;94;90;78;74;71;89;77;92;78;94;9.9;5.78;0;0;6.46;0;12.46;5.43;0;0;6.46;0
Mes 2;Dia 5;12:00;97;89;89;84;95;97;67;68;95;82;85;96;9.9;5.78;0;0;6.46;0;12.46;5.43;0;0;6.46;0
Mes 2;Dia 5;13:00;79;97;80;67;96;90;74;89;95;93;85;75;9.9;5.78;0;0;6.46;0;12.46;5.43;0;0;6.46;0
Mes 2;Dia 5;14:00;72;72;90;84;78;78;75;77;95;82;91;71;9.9;5.78;0;0;6.46;0;12.46;5.43;0;0;6.46;0
Mes 2;Dia 5;15:00;78;94;75;74;88;71;96;81;78;67;95;75;9.9;5.78;0;0;6.46;0;12.46;5.43;0;0;6.46;0
Mes 2;Dia 5;16:00;81;97;80;89;83;90;74;80;98;83;67;76;9.9;5.78;0;0;6.46;0;12.46;5.43;0;0;6.46;0
Mes 2;Dia 5;17:00;88;95;75;71;97;70;81;97;79;92;97;81;9.9;5.78;0;0;6.46;0;12.46;5.43;0;0;6.46;0
Mes 2;Dia 5;18:00;71;86;86;77;93;85;69;73;92;90;76;73;9.9;5.78;0;0;6.46;0;12.46;5.43;0;0;6.46;0
Mes 2;Dia 5;19:00;78;81;67;86;74;69;72;75;98;88;72;74;9.9;5.78;0;0;6.46;0;12.46;5.43;0;0;6.46;0
Mes 2;Dia 5;20:00;70;71;72;74;79;91;98;85;76;98;67;90;9.9;5.78;0;0;6.46;0;12.46;5.43;0;0;6.46;0
Mes 2;Dia 5;21:00;74;67;90;84;92;77;86;83;68;79;94;92;9.9;5.78;0;0;6.46;0;12.46;5.43;0;0;6.46;0
Mes 2;Dia 5;22:00;72;87;87;91;74;86;85;72;77;75;75;84;9.9;5.78;0;0;6.46;0;12.46;5.43;0;0;6.46;0
Mes 2;Dia 5;23:00;85;71;80;91;88;73;84;69;81;89;97;95;9.9;5.78;0;0;6.46;0;12.46;5.43;0;0;6.46;0
Mes 2;Dia 6;00:00;78;93;97;86;80;71;86;86;93;84;97;77;9.9;5.78;0;0;6.46;0;12.46;5.43;0;0;6.46;0
Mes 2;Dia 6;01:00;83;86;77;88;92;80;84;93;77;68;87;82;9.9;5.78;0;0;6.46;0;12.46;5.43;0;0;6.46;0
Mes 2;Dia 6;02:00;67;75;67;80;72;87;94;83;73;84;94;80;9.9;5.78;0;0;6.46;0;12.46;5.43;0;0;6.46;0
Mes 2;Dia 6;03:00;76;77;68;85;69;95;89;95;93;97;71;69;9.9;5.78;0;0;6.46;0;12.46;5.43;0;0;6.46;0
Mes 2;Dia 6;04:00;82;72;81;67;89;74;86;68;85;86;78;90;9.9;5.78;0;0;6.46;0;12.46;5.43;0;0;6.46;0
Mes 2;Dia 6;05:00;76;85;75;87;79;94;72;68;86;72;92;77;9.9;5.78;0;0;6.46;0;12.46;5.43;0;0;6.46;0
Mes 2;Dia 6;06:00;98;96;88;76;70;87;94;92;85;75;90;80;9.9;5.78;0;0;6.46;0;12.46;5.43;0;0;6.46;0
Mes 2;Dia 6;07:00;84;77;93;79;79;96;83;80;84;76;83;80;9.9;5.78;0;0;6.46;0;12.46;5.43;0;0;6.46;0
Mes 2;Dia 6;08:00;80;74;83;93;95;70;94;89;85;89;93;91;9.9;5.78;0;0;6.46;0;12.46;5.43;0;0;6.46;0
Mes 2;Dia 6;09:00;68;71;69;69;77;71;97;98;81;70;76;76;9.9;5.78;0;0;6.46;0;12.46;5.43;0;0;6.46;0
Mes 2;Dia 6;10:00;97;96;87;68;74;72;83;85;81;73;96;80;9.9;5.78;0;0;6.46;0;12.46;5.43;0;0;6.46;0
Mes 2;Dia 6;11:00;75;76;80;70;72;70;76;68;89;76;94;72;9.9;5.78;0;0;6.46;0;12.46;5.43;0;0;6.46;0
Mes 2;Dia 6;12:00;69;71;73;76;87;81;80;93;82;72;83;80;9.9;5.78;0;0;6.46;0;12.46;5.43;0;0;6.46;0
Mes 2;Dia 6;13:00;79;68;76;80;71;81;96;88;94;74;72;97;9.9;5.78;0;0;6.46;0;12.46;5.43;0;0;6.46;0
Mes 2;Dia 6;14:00;79;85;74;90;70;69;97;75;91;96;96;96;9.9;5.78;0;0;6.46;0;12.46;5.43;0;0;6.46;0
Mes 2;Dia 6;15:00;71;81;77;98;67;84;82;80;69;95;98;98;9.9;5.78;0;0;6.46;0;12.46;5.43;0;0;6.46;0
Mes 2;Dia 6;16:00;92;74;81;81;93;79;92;93;92;96;94;79;9.9;5.78;0;0;6.46;0;12.46;5.43;0;0;6.46;0
Mes 2;Dia 6;17:00;86;88;88;87;93;84;85;90;78;85;82;91;9.9;5.78;0;0;6.46;0;12.46;5.43;0;0;6.46;0
Mes 2;Dia 6;18:00;75;86;70;79;82;70;88;71;89;67;86;95;9.9;5.78;0;0;6.46;0;12.46;5.43;0;0;6.46;0
Mes 2;Dia 6;19:00;71;85;97;93;69;68;86;72;82;71;77;84;9.9;5.78;0;0;6.46;0;12.46;5.43;0;0;6.46;0
Mes 2;Dia 6;20:00;71;83;82;69;94;73;71;91;72;77;81;84;9.9;5.78;0;0;6.46;0;12.46;5.43;0;0;6.46;0
Mes 2;Dia 6;21:00;96;91;83;97;84;77;85;72;86;78;85;69;9.9;5.78;0;0;6.46;0;12.46;5.43;0;0;6.46;0
Mes 2;Dia 6;22:00;91;95;96;89;81;78;77;86;75;94;98;67;9.9;5.78;0;0;6.46;0;12.46;5.43;0;0;6.46;0
Mes 2;Dia 6;23:00;86;96;92;81;83;89;87;67;80;95;86;92;9.9;5.78;0;0;6.46;0;12.46;5.43;0;0;6.46;0
Mes 2;Dia 7;00:00;76;76;78;87;81;80;83;77;85;85;84;91;9.9;5.78;0;0;6.46;0;12.46;5.43;0;0;6.46;0
Mes 2;Dia 7;01:00;69;89;80;91;72;80;84;78;94;77;78;77;9.9;5.78;0;0;6.46;0;12.46;5.43;0;0;6.46;0
Mes 2;Dia 7;02:00;94;94;88;89;68;89;83;93;88;87;83;98;9.9;5.78;0;0;6.46;0;12.46;5.43;0;0;6.46;0
Mes 2;Dia 7;03:00;93;95;97;90;97;93;75;97;86;73;69;93;9.9;5.78;0;0;6.46;0;12.46;5.43;0;0;6.46;0
Mes 2;Dia 7;04:00;72;96;85;88;70;82;80;76;69;95;88;93;9.9;5.78;0;0;6.46;0;12.46;5.43;0;0;6.46;0
Mes 2;Dia 7;05:00;76;96;81;85;92;98;75;92;70;94;80;79;9.9;5.78;0;0;6.46;0;12.46;5.43;0;0;6.46;0
Mes 2;Dia 7;06:00;97;94;96;86;84;72;80;77;75;80;79;90;9.9;5.78;0;0;6.46;0;12.46;5.43;0;0;6.46;0
Mes 2;Dia 7;07:00;97;68;93;68;69;80;91;71;88;84;77;85;9.9;5.78;0;0;6.46;0;12.46;5.43;0;0;6.46;0
Mes 2;Dia 7;08:00;91;90;87;77;96;70;81;98;73;80;92;86;9.9;5.78;0;0;6.46;0;12.46;5.43;0;0;6.46;0
Mes 2;Dia 7;09:00;90;91;77;84;85;86;82;96;78;69;77;84;9.9;5.78;0;0;6.46;0;12.46;5.43;0;0;6.46;0
Mes 2;Dia 7;10:00;80;95;87;94;92;85;74;93;82;87;75;82;9.9;5.78;0;0;6.46;0;12.46;5.43;0;0;6.46;0
Mes 2;Dia 7;11:00;82;70;71;74;83;91;87;73;75;85;68;70;9.9;5.78;0;0;6.46;0;12.46;5.43;0;0;6.46;0
Mes 2;Dia 7;12:00;89;86;83;97;77;73;83;78;68;67;85;75;9.9;5.78;0;0;6.46;0;12.46;5.43;0;0;6.46;0
Mes 2;Dia 7;13:00;76;69;68;69;98;67;91;69;87;98;92;82;9.9;5.78;0;0;6.46;0;12.46;5.43;0;0;6.46;0
Mes 2;Dia 7;14:00;80;80;67;73;83;97;81;85;82;74;92;93;9.9;5.78;0;0;6.46;0;12.46;5.43;0;0;6.46;0
Mes 2;Dia 7;15:00;85;76;68;77;76;86;88;71;80;77;67;79;9.9;5.78;0;0;6.46;0;12.46;5.43;0;0;6.46;0
Mes 2;Dia 7;16:00;80;80;94;74;79;67;76;89;78;97;96;86;9.9;5.78;0;0;6.46;0;12.46;5.43;0;0;6.46;0
Mes 2;Dia 7;17:00;78;96;96;97;97;96;96;89;86;91;89;85;9.9;5.78;0;0;6.46;0;12.46;5.43;0;0;6.46;0
Mes 2;Dia 7;18:00;74;85;76;87;96;78;98;76;81;97;96;71;9.9;5.78;0;0;6.46;0;12.46;5.43;0;0;6.46;0
Mes 2;Dia 7;19:00;74;96;71;77;89;86;87;98;72;85;76;88;9.9;5.78;0;0;6.46;0;12.46;5.43;0;0;6.46;0
Mes 2;Dia 7;20:00;86;72;93;77;67;87;76;78;89;85;76;78;9.9;5.78;0;0;6.46;0;12.46;5.43;0;0;6.46;0
Mes 2;Dia 7;21:00;69;89;83;68;67;78;69;79;84;76;96;88;9.9;5.78;0;0;6.46;0;12.46;5.43;0;0;6.46;0
Mes 2;Dia 7;22:00;85;87;93;69;88;85;96;87;96;77;92;71;9.9;5.78;0;0;6.46;0;12.46;5.43;0;0;6.46;0
Mes 2;Dia 7;23:00;96;80;68;86;74;94;76;71;69;75;86;80;9.9;5.78;0;0;6.46;0;12.46;5.43;0;0;6.46;0
Mes 2;Dia 8;00:00;83;80;80;70;93;84;96;69;78;95;74;91;9.9;5.78;0;0;6.46;0;12.46;5.43;0;0;6.46;0
Mes 2;Dia 8;01:00;95;75;93;75;80;70;78;81;91;84;94;87;9.9;5.78;0;0;6.46;0;12.46;5.43;0;0;6.46;0
Mes 2;Dia 8;02:00;80;96;87;85;79;88;87;97;71;98;95;73;9.9;5.78;0;0;6.46;0;12.46;5.43;0;0;6.46;0
Mes 2;Dia 8;03:00;80;94;90;73;79;97;77;72;75;84;70;69;9.9;5.78;0;0;6.46;0;12.46;5.43;0;0;6.46;0
Mes 2;Dia 8;04:00;85;77;88;91;92;97;90;79;67;94;76;87;9.9;5.78;0;0;6.46;0;12.46;5.43;0;0;6.46;0
Mes 2;Dia 8;05:00;73;85;96;95;88;84;83;71;68;80;93;90;9.9;5.78;0;0;6.46;0;12.46;5.43;0;0;6.46;0
Mes 2;Dia 8;06:00;83;85;98;90;90;75;83;78;89;71;69;69;9.9;5.78;0;0;6.46;0;12.46;5.43;0;0;6.46;0
Mes 2;Dia 8;07:00;87;89;84;78;82;84;72;86;84;68;82;84;9.9;5.78;0;0;6.46;0;12.46;5.43;0;0;6.46;0
Mes 2;Dia 8;08:00;83;68;87;75;74;94;68;78;74;74;98;71;9.9;5.78;0;0;6.46;0;12.46;5.43;0;0;6.46;0
Mes 2;Dia 8;09:00;89;98;81;75;76;96;73;82;98;72;67;94;9.9;5.78;0;0;6.46;0;12.46;5.43;0;0;6.46;0
Mes 2;Dia 8;10:00;81;78;77;92;72;75;83;73;82;69;71;72;9.9;5.78;0;0;6.46;0;12.46;5.43;0;0;6.46;0
Mes 2;Dia 8;11:00;72;72;89;67;89;71;73;83;75;77;77;72;9.9;5.78;0;0;6.46;0;12.46;5.43;0;0;6.46;0
Mes 2;Dia 8;12:00;67;97;89;86;87;88;80;95;86;76;69;90;9.9;5.78;0;0;6.46;0;12.46;5.43;0;0;6.46;0
Mes 2;Dia 8;13:00;69;75;70;87;72;77;89;91;95;76;73;77;9.9;5.78;0;0;6.46;0;12.46;5.43;0;0;6.46;0
Mes 2;Dia 8;14:00;91;78;75;89;86;70;77;73;98;97;80;72;9.9;5.78;0;0;6.46;0;12.46;5.43;0;0;6.46;0
Mes 2;Dia 8;15:00;78;81;82;97;89;91;89;70;73;88;91;76;9.9;5.78;0;0;6.46;0;12.46;5.43;0;0;6.46;0
Mes 2;Dia 8;16:00;78;96;71;77;86;88;80;72;76;69;82;74;9.9;5.78;0;0;6.46;0;12.46;5.43;0;0;6.46;0
Mes 2;Dia 8;17:00;84;93;96;92;81;90;85;82;70;67;67;87;9.9;5.78;0;0;6.46;0;12.46;5.43;0;0;6.46;0
Mes 2;Dia 8;18:00;84;68;74;95;69;67;94;89;83;87;95;82;9.9;5.78;0;0;6.46;0;12.46;5.43;0;0;6.46;0
Mes 2;Dia 8;19:00;69;68;71;69;73;67;81;94;95;82;92;67;9.9;5.78;0;0;6.46;0;12.46;5.43;0;0;6.46;0
Mes 2;Dia 8;20:00;83;72;95;86;70;96;82;87;80;90;71;85;9.9;5.78;0;0;6.46;0;12.46;5.43;0;0;6.46;0
Mes 2;Dia 8;21:00;96;95;84;82;94;89;68;94;79;96;90;76;9.9;5.78;0;0;6.46;0;12.46;5.43;0;0;6.46;0
Mes 2;Dia 8;22:00;80;72;96;85;85;87;70;96;81;94;67;98;9.9;5.78;0;0;6.46;0;12.46;5.43;0;0;6.46;0
Mes 2;Dia 8;23:00;84;69;71;85;81;77;75;97;84;74;68;79;9.9;5.78;0;0;6.46;0;12.46;5.43;0;0;6.46;0
Mes 2;Dia 9;00:00;76;74;75;71;76;92;90;76;75;74;76;93;9.9;5.78;0;0;6.46;0;12.46;5.43;0;0;6.46;0
Mes 2;Dia 9;01:00;95;88;97;78;91;88;88;93;86;87;90;97;9.9;5.78;0;0;6.46;0;12.46;5.43;0;0;6.46;0
Mes 2;Dia 9;02:00;74;81;88;76;73;71;84;80;85;87;71;89;9.9;5.78;0;0;6.46;0;12.46;5.43;0;0;6.46;0
Mes 2;Dia 9;03:00;71;74;74;67;72;74;74;84;98;97;73;82;9.9;5.78;0;0;6.46;0;12.46;5.43;0;0;6.46;0
Mes 2;Dia 9;04:00;93;75;76;96;85;97;82;68;93;91;92;83;9.9;5.78;0;0;6.46;0;12.46;5.43;0;0;6.46;0
Mes 2;Dia 9;05:00;90;73;68;69;96;94;80;73;68;75;85;75;9.9;5.78;0;0;6.46;0;12.46;5.43;0;0;6.46;0
Mes 2;Dia 9;06:00;95;91;96;79;69;84;76;70;94;85;92;75;9.9;5.78;0;0;6.46;0;12.46;5.43;0;0;6.46;0
Mes 2;Dia 9;07:00;95;69;78;82;79;74;85;84;71;84;90;81;9.9;5.78;0;0;6.46;0;12.46;5.43;0;0;6.46;0
Mes 2;Dia 9;08:00;77;78;94;72;89;98;86;90;73;72;68;86;9.9;5.78;0;0;6.46;0;12.46;5.43;0;0;6.46;0
Mes 2;Dia 9;09:00;92;96;96;73;79;74;74;86;73;87;94;85;9.9;5.78;0;0;6.46;0;12.46;5.43;0;0;6.46;0
Mes 2;Dia 9;10:00;85;78;85;92;77;82;81;81;96;90;78;79;9.9;5.78;0;0;6.46;0;12.46;5.43;0;0;6.46;0
Mes 2;Dia 9;11:00;88;72;83;77;85;96;74;85;67;81;96;68;9.9;5.78;0;0;6.46;0;12.46;5.43;0;0;6.46;0
Mes 2;Dia 9;12:00;70;84;89;83;93;90;83;94;97;92;85;93;9.9;5.78;0;0;6.46;0;12.46;5.43;0;0;6.46;0
Mes 2;Dia 9;13:00;83;76;97;68;69;77;92;94;91;68;95;79;9.9;5.78;0;0;6.46;0;12.46;5.43;0;0;6.46;0
Mes 2;Dia 9;14:00;83;94;79;86;97;97;97;72;93;72;94;78;9.9;5.78;0;0;6.46;0;12.46;5.43;0;0;6.46;0
Mes 2;Dia 9;15:00;81;82;79;92;92;92;86;96;77;84;83;92;9.9;5.78;0;0;6.46;0;12.46;5.43;0;0;6.46;0
Mes 2;Dia 9;16:00;70;84;84;81;68;75;68;95;95;72;98;93;9.9;5.78;0;0;6.46;0;12.46;5.43;0;0;6.46;0
Mes 2;Dia 9;17:00;92;95;88;77;78;87;73;94;82;71;71;93;9.9;5.78;0;0;6.46;0;12.46;5.43;0;0;6.46;0
Mes 2;Dia 9;18:00;94;70;98;68;78;68;98;67;68;93;79;94;9.9;5.78;0;0;6.46;0;12.46;5.43;0;0;6.46;0
Mes 2;Dia 9;19:00;73;79;80;81;92;96;92;74;85;67;67;68;9.9;5.78;0;0;6.46;0;12.46;5.43;0;0;6.46;0
Mes 2;Dia 9;20:00;87;77;82;70;76;77;93;68;68;71;88;68;9.9;5.78;0;0;6.46;0;12.46;5.43;0;0;6.46;0
Mes 2;Dia 9;21:00;71;93;70;72;80;77;73;68;97;95;88;67;9.9;5.78;0;0;6.46;0;12.46;5.43;0;0;6.46;0
Mes 2;Dia 9;22:00;80;91;69;86;81;83;94;70;96;89;97;85;9.9;5.78;0;0;6.46;0;12.46;5.43;0;0;6.46;0
Mes 2;Dia 9;23:00;91;82;80;67;81;71;94;80;80;97;69;67;9.9;5.78;0;0;6.46;0;12.46;5.43;0;0;6.46;0
Mes 2;Dia 10;00:00;89;92;89;92;71;95;76;82;75;95;83;71;9.9;5.78;0;0;6.46;0;12.46;5.43;0;0;6.46;0
Mes 2;Dia 10;01:00;91;77;94;89;86;87;85;79;90;74;79;70;9.9;5.78;0;0;6.46;0;12.46;5.43;0;0;6.46;0
Mes 2;Dia 10;02:00;67;81;80;69;96;82;86;80;71;78;86;70;9.9;5.78;0;0;6.46;0;12.46;5.43;0;0;6.46;0
Mes 2;Dia 10;03:00;95;94;76;94;97;88;81;88;89;80;81;73;9.9;5.78;0;0;6.46;0;12.46;5.43;0;0;6.46;0
Mes 2;Dia 10;04:00;86;79;92;95;98;78;74;94;68;88;85;93;9.9;5.78;0;0;6.46;0;12.46;5.43;0;0;6.46;0
Mes 2;Dia 10;05:00;84;82;90;89;79;92;82;77;74;93;74;92;9.9;5.78;0;0;6.46;0;12.46;5.43;0;0;6.46;0
Mes 2;Dia 10;06:00;96;72;89;91;68;78;72;73;81;76;92;77;9.9;5.78;0;0;6.46;0;12.46;5.43;0;0;6.46;0
Mes 2;Dia 10;07:00;78;81;91;74;88;95;98;69;67;83;88;84;9.9;5.78;0;0;6.46;0;12.46;5.43;0;0;6.46;0
Mes 2;Dia 10;08:00;71;79;82;71;79;71;75;85;75;70;83;76;9.9;5.78;0;0;6.46;0;12.46;5.43;0;0;6.46;0
Mes 2;Dia 10;09:00;97;91;69;69;72;94;98;87;70;89;75;76;9.9;5.78;0;0;6.46;0;12.46;5.43;0;0;6.46;0
Mes 2;Dia 10;10:00;67;67;86;88;89;76;74;81;86;80;94;96;9.9;5.78;0;0;6.46;0;12.46;5.43;0;0;6.46;0
Mes 2;Dia 10;11:00;73;78;68;80;79;76;89;97;69;79;89;98;9.9;5.78;0;0;6.46;0;12.46;5.43;0;0;6.46;0
Mes 2;Dia 10;12:00;79;92;81;78;78;77;73;96;91;68;98;96;9.9;5.78;0;0;6.46;0;12.46;5.43;0;0;6.46;0
Mes 2;Dia 10;13:00;88;79;69;67;89;67;76;69;70;88;87;79;9.9;5.78;0;0;6.46;0;12.46;5.43;0;0;6.46;0
Mes 2;Dia 10;14:00;87;83;95;83;90;89;91;88;88;87;89;89;9.9;5.78;0;0;6.46;0;12.46;5.43;0;0;6.46;0
Mes 2;Dia 10;15:00;97;96;85;86;84;93;81;71;97;88;87;92;9.9;5.78;0;0;6.46;0;12.46;5.43;0;0;6.46;0
Mes 2;Dia 10;16:00;72;80;86;89;70;82;73;72;76;73;98;89;9.9;5.78;0;0;6.46;0;12.46;5.43;0;0;6.46;0
Mes 2;Dia 10;17:00;73;96;72;96;91;97;69;70;95;89;70;79;9.9;5.78;0;0;6.46;0;12.46;5.43;0;0;6.46;0
Mes 2;Dia 10;18:00;67;74;69;94;85;67;77;73;82;75;67;86;9.9;5.78;0;0;6.46;0;12.46;5.43;0;0;6.46;0
Mes 2;Dia 10;19:00;78;67;77;67;75;67;70;91;98;76;84;67;9.9;5.78;0;0;6.46;0;12.46;5.43;0;0;6.46;0
Mes 2;Dia 10;20:00;96;90;68;78;83;76;76;91;80;68;97;71;9.9;5.78;0;0;6.46;0;12.46;5.43;0;0;6.46;0
Mes 2;Dia 10;21:00;89;74;97;72;91;86;93;67;88;78;81;87;9.9;5.78;0;0;6.46;0;12.46;5.43;0;0;6.46;0
Mes 2;Dia 10;22:00;87;82;73;80;85;71;76;96;84;72;88;68;9.9;5.78;0;0;6.46;0;12.46;5.43;0;0;6.46;0
Mes 2;Dia 10;23:00;89;94;74;86;76;98;77;92;68;95;77;91;9.9;5.78;0;0;6.46;0;12.46;5.43;0;0;6.46;0
Mes 2;Dia 11;00:00;77;73;71;83;69;97;79;80;73;78;67;97;9.9;5.78;0;0;6.46;0;12.46;5.43;0;0;6.46;0
Mes 2;Dia 11;01:00;94;86;79;83;75;88;90;89;87;98;77;70;9.9;5.78;0;0;6.46;0;12.46;5.43;0;0;6.46;0
Mes 2;Dia 11;02:00;74;94;84;94;69;78;74;85;69;69;94;76;9.9;5.78;0;0;6.46;0;12.46;5.43;0;0;6.46;0
Mes 2;Dia 11;03:00;98;85;85;98;87;91;82;95;98;77;98;73;9.9;5.78;0;0;6.46;0;12.46;5.43;0;0;6.46;0
Mes 2;Dia 11;04:00;93;89;95;92;91;82;85;75;82;96;98;85;9.9;5.78;0;0;6.46;0;12.46;5.43;0;0;6.46;0
Mes 2;Dia 11;05:00;94;98;81;67;91;86;80;96;71;67;90;90;9.9;5.78;0;0;6.46;0;12.46;5.43;0;0;6.46;0
Mes 2;Dia 11;06:00;94;85;82;82;95;85;75;84;96;76;84;87;9.9;5.78;0;0;6.46;0;12.46;5.43;0;0;6.46;0
Mes 2;Dia 11;07:00;83;68;67;85;95;93;70;80;87;68;67;78;9.9;5.78;0;0;6.46;0;12.46;5.43;0;0;6.46;0
Mes 2;Dia 11;08:00;83;84;92;76;73;81;79;77;94;98;93;77;9.9;5.78;0;0;6.46;0;12.46;5.43;0;0;6.46;0
Mes 2;Dia 11;09:00;97;79;81;73;72;67;87;91;91;76;86;86;9.9;5.78;0;0;6.46;0;12.46;5.43;0;0;6.46;0
Mes 2;Dia 11;10:00;72;75;77;67;97;86;84;96;94;93;81;67;9.9;5.78;0;0;6.46;0;12.46;5.43;0;0;6.46;0
Mes 2;Dia 11;11:00;72;98;95;87;96;96;98;78;90;91;68;98;9.9;5.78;0;0;6.46;0;12.46;5.43;0;0;6.46;0
Mes 2;Dia 11;12:00;72;84;81;94;73;67;98;67;96;88;94;72;9.9;5.78;0;0;6.46;0;12.46;5.43;0;0;6.46;0
Mes 2;Dia 11;13:00;80;71;73;84;70;86;71;85;82;69;90;97;9.9;5.78;0;0;6.46;0;12.46;5.43;0;0;6.46;0
Mes 2;Dia 11;14:00;84;68;67;81;88;87;83;83;84;79;71;76;9.9;5.78;0;0;6.46;0;12.46;5.43;0;0;6.46;0
Mes 2;Dia 11;15:00;68;73;89;83;96;86;74;96;85;91;80;97;9.9;5.78;0;0;6.46;0;12.46;5.43;0;0;6.46;0
Mes 2;Dia 11;16:00;74;88;83;82;83;78;77;97;95;98;73;75;9.9;5.78;0;0;6.46;0;12.46;5.43;0;0;6.46;0
Mes 2;Dia 11;17:00;73;95;77;67;70;73;88;98;98;76;84;69;9.9;5.78;0;0;6.46;0;12.46;5.43;0;0;6.46;0
Mes 2;Dia 11;18:00;77;79;84;81;91;76;72;97;87;83;75;94;9.9;5.78;0;0;6.46;0;12.46;5.43;0;0;6.46;0
Mes 2;Dia 11;19:00;93;83;93;90;96;85;86;90;67;96;71;86;9.9;5.78;0;0;6.46;0;12.46;5.43;0;0;6.46;0
Mes 2;Dia 11;20:00;82;95;93;67;94;75;84;98;98;81;95;75;9.9;5.78;0;0;6.46;0;12.46;5.43;0;0;6.46;0
Mes 2;Dia 11;21:00;96;94;90;88;94;90;79;70;79;79;92;93;9.9;5.78;0;0;6.46;0;12.46;5.43;0;0;6.46;0
Mes 2;Dia 11;22:00;77;95;79;92;98;74;82;76;97;86;88;79;9.9;5.78;0;0;6.46;0;12.46;5.43;0;0;6.46;0
Mes 2;Dia 11;23:00;80;90;71;85;94;68;97;73;69;77;95;72;9.9;5.78;0;0;6.46;0;12.46;5.43;0;0;6.46;0
Mes 2;Dia 12;00:00;92;80;72;97;83;93;93;91;98;85;93;96;9.9;5.78;0;0;6.46;0;12.46;5.43;0;0;6.46;0
Mes 2;Dia 12;01:00;73;72;81;92;79;97;80;77;73;68;71;79;9.9;5.78;0;0;6.46;0;12.46;5.43;0;0;6.46;0
Mes 2;Dia 12;02:00;91;67;96;86;89;78;71;67;71;90;74;92;9.9;5.78;0;0;6.46;0;12.46;5.43;0;0;6.46;0
Mes 2;Dia 12;03:00;72;83;75;88;68;89;74;87;89;87;74;97;9.9;5.78;0;0;6.46;0;12.46;5.43;0;0;6.46;0
Mes 2;Dia 12;04:00;98;84;88;86;89;74;68;77;89;83;89;86;9.9;5.78;0;0;6.46;0;12.46;5.43;0;0;6.46;0
Mes 2;Dia 12;05:00;82;68;80;88;81;75;71;84;76;93;75;68;9.9;5.78;0;0;6.46;0;12.46;5.43;0;0;6.46;0
Mes 2;Dia 12;06:00;74;80;73;83;89;69;98;80;74;74;94;80;9.9;5.78;0;0;6.46;0;12.46;5.43;0;0;6.46;0
Mes 2;Dia 12;07:00;72;77;84;88;74;78;73;80;77;67;84;96;9.9;5.78;0;0;6.46;0;12.46;5.43;0;0;6.46;0
Mes 2;Dia 12;08:00;90;81;91;79;75;92;72;74;72;96;76;93;9.9;5.78;0;0;6.46;0;12.46;5.43;0;0;6.46;0
Mes 2;Dia 12;09:00;82;71;76;90;75;77;84;82;93;87;96;91;9.9;5.78;0;0;6.46;0;12.46;5.43;0;0;6.46;0
Mes 2;Dia 12;10:00;89;90;70;91;87;85;73;92;68;79;68;85;9.9;5.78;0;0;6.46;0;12.46;5.43;0;0;6.46;0
Mes 2;Dia 12;11:00;72;98;78;70;73;68;68;93;67;69;72;88;9.9;5.78;0;0;6.46;0;12.46;5.43;0;0;6.46;0
Mes 2;Dia 12;12:00;75;96;82;90;90;88;79;94;79;94;81;82;9.9;5.78;0;0;6.46;0;12.46;5.43;0;0;6.46;0
Mes 2;Dia 12;13:00;69;98;77;78;76;78;80;86;76;88;89;69;9.9;5.78;0;0;6.46;0;12.46;5.43;0;0;6.46;0
Mes 2;Dia 12;14:00;89;87;71;95;96;71;82;67;79;85;98;80;9.9;5.78;0;0;6.46;0;12.46;5.43;0;0;6.46;0
Mes 2;Dia 12;15:00;78;68;81;73;98;75;70;93;68;91;79;70;9.9;5.78;0;0;6.46;0;12.46;5.43;0;0;6.46;0
Mes 2;Dia 12;16:00;85;75;69;90;87;71;72;96;91;69;79;73;9.9;5.78;0;0;6.46;0;12.46;5.43;0;0;6.46;0
Mes 2;Dia 12;17:00;70;87;77;71;72;79;95;92;91;67;82;96;9.9;5.78;0;0;6.46;0;12.46;5.43;0;0;6.46;0
Mes 2;Dia 12;18:00;75;82;98;94;97;97;67;82;77;69;91;69;9.9;5.78;0;0;6.46;0;12.46;5.43;0;0;6.46;0
Mes 2;Dia 12;19:00;92;97;78;87;77;94;93;90;75;98;74;71;9.9;5.78;0;0;6.46;0;12.46;5.43;0;0;6.46;0
Mes 2;Dia 12;20:00;88;75;89;82;97;80;77;93;70;98;80;84;9.9;5.78;0;0;6.46;0;12.46;5.43;0;0;6.46;0
Mes 2;Dia 12;21:00;90;87;74;92;91;89;97;87;70;78;90;71;9.9;5.78;0;0;6.46;0;12.46;5.43;0;0;6.46;0
Mes 2;Dia 12;22:00;88;86;83;79;85;94;88;69;78;89;93;82;9.9;5.78;0;0;6.46;0;12.46;5.43;0;0;6.46;0
Mes 2;Dia 12;23:00;74;98;86;89;84;76;86;72;97;68;91;96;9.9;5.78;0;0;6.46;0;12.46;5.43;0;0;6.46;0
Mes 2;Dia 13;00:00;78;95;79;80;95;88;68;76;93;87;96;82;9.9;5.78;0;0;6.46;0;12.46;5.43;0;0;6.46;0
Mes 2;Dia 13;01:00;98;69;86;80;72;96;87;86;93;96;90;96;9.9;5.78;0;0;6.46;0;12.46;5.43;0;0;6.46;0
Mes 2;Dia 13;02:00;84;72;94;91;96;87;68;93;79;89;82;91;9.9;5.78;0;0;6.46;0;12.46;5.43;0;0;6.46;0
Mes 2;Dia 13;03:00;74;85;98;72;84;89;83;82;96;72;94;76;9.9;5.78;0;0;6.46;0;12.46;5.43;0;0;6.46;0
Mes 2;Dia 13;04:00;88;80;97;92;69;89;69;92;73;90;91;67;9.9;5.78;0;0;6.46;0;12.46;5.43;0;0;6.46;0
Mes 2;Dia 13;05:00;85;79;78;81;68;87;96;84;87;83;74;87;9.9;5.78;0;0;6.46;0;12.46;5.43;0;0;6.46;0
Mes 2;Dia 13;06:00;79;85;76;70;83;83;67;76;84;94;79;86;9.9;5.78;0;0;6.46;0;12.46;5.43;0;0;6.46;0
Mes 2;Dia 13;07:00;72;70;98;74;75;98;84;73;88;78;75;78;9.9;5.78;0;0;6.46;0;12.46;5.43;0;0;6.46;0
Mes 2;Dia 13;08:00;85;96;71;81;85;91;83;72;92;90;96;84;9.9;5.78;0;0;6.46;0;12.46;5.43;0;0;6.46;0
Mes 2;Dia 13;09:00;81;94;84;90;89;92;89;79;76;73;89;67;9.9;5.78;0;0;6.46;0;12.46;5.43;0;0;6.46;0
Mes 2;Dia 13;10:00;93;73;71;84;97;95;92;71;94;77;68;93;9.9;5.78;0;0;6.46;0;12.46;5.43;0;0;6.46;0
Mes 2;Dia 13;11:00;69;98;76;83;84;77;91;97;92;86;77;98;9.9;5.78;0;0;6.46;0;12.46;5.43;0;0;6.46;0
Mes 2;Dia 13;12:00;91;96;75;73;71;98;76;82;74;87;68;83;9.9;5.78;0;0;6.46;0;12.46;5.43;0;0;6.46;0
Mes 2;Dia 13;13:00;94;72;83;83;87;90;87;90;87;90;89;83;9.9;5.78;0;0;6.46;0;12.46;5.43;0;0;6.46;0
Mes 2;Dia 13;14:00;78;76;68;69;91;87;95;84;73;97;91;97;9.9;5.78;0;0;6.46;0;12.46;5.43;0;0;6.46;0
Mes 2;Dia 13;15:00;68;92;75;70;95;85;77;77;84;86;70;97;9.9;5.78;0;0;6.46;0;12.46;5.43;0;0;6.46;0
Mes 2;Dia 13;16:00;74;91;91;84;75;96;82;95;77;83;70;84;9.9;5.78;0;0;6.46;0;12.46;5.43;0;0;6.46;0
Mes 2;Dia 13;17:00;71;90;95;84;83;75;94;86;68;81;78;83;9.9;5.78;0;0;6.46;0;12.46;5.43;0;0;6.46;0
Mes 2;Dia 13;18:00;80;77;98;73;83;68;78;91;81;81;81;67;9.9;5.78;0;0;6.46;0;12.46;5.43;0;0;6.46;0
Mes 2;Dia 13;19:00;90;73;87;89;73;92;83;93;83;98;93;76;9.9;5.78;0;0;6.46;0;12.46;5.43;0;0;6.46;0
Mes 2;Dia 13;20:00;92;97;82;94;75;95;94;88;96;81;72;97;9.9;5.78;0;0;6.46;0;12.46;5.43;0;0;6.46;0
Mes 2;Dia 13;21:00;70;91;76;91;87;75;92;98;72;90;75;98;9.9;5.78;0;0;6.46;0;12.46;5.43;0;0;6.46;0
Mes 2;Dia 13;22:00;89;91;68;91;95;71;93;96;78;82;98;72;9.9;5.78;0;0;6.46;0;12.46;5.43;0;0;6.46;0
Mes 2;Dia 13;23:00;76;88;77;87;76;78;67;72;79;75;87;97;9.9;5.78;0;0;6.46;0;12.46;5.43;0;0;6.46;0
Mes 2;Dia 14;00:00;96;84;70;96;77;86;95;92;81;75;89;91;9.9;5.78;0;0;6.46;0;12.46;5.43;0;0;6.46;0
Mes 2;Dia 14;01:00;85;86;77;95;85;90;92;67;80;69;86;88;9.9;5.78;0;0;6.46;0;12.46;5.43;0;0;6.46;0
Mes 2;Dia 14;02:00;84;70;87;72;98;94;85;87;73;67;91;83;9.9;5.78;0;0;6.46;0;12.46;5.43;0;0;6.46;0
Mes 2;Dia 14;03:00;74;79;73;89;76;95;93;95;68;88;69;97;9.9;5.78;0;0;6.46;0;12.46;5.43;0;0;6.46;0
Mes 2;Dia 14;04:00;80;79;73;70;68;88;88;82;82;81;82;74;9.9;5.78;0;0;6.46;0;12.46;5.43;0;0;6.46;0
Mes 2;Dia 14;05:00;95;89;89;88;95;91;97;94;82;67;96;97;9.9;5.78;0;0;6.46;0;12.46;5.43;0;0;6.46;0
Mes 2;Dia 14;06:00;71;92;88;93;94;86;88;78;77;77;97;77;9.9;5.78;0;0;6.46;0;12.46;5.43;0;0;6.46;0
Mes 2;Dia 14;07:00;80;92;70;76;78;94;75;69;94;68;78;95;9.9;5.78;0;0;6.46;0;12.46;5.43;0;0;6.46;0
Mes 2;Dia 14;08:00;75;83;74;97;77;67;95;84;93;94;95;67;9.9;5.78;0;0;6.46;0;12.46;5.43;0;0;6.46;0
Mes 2;Dia 14;09:00;79;95;91;90;90;87;72;97;86;72;69;89;9.9;5.78;0;0;6.46;0;12.46;5.43;0;0;6.46;0
Mes 2;Dia 14;10:00;93;73;96;83;87;81;96;72;84;87;97;92;9.9;5.78;0;0;6.46;0;12.46;5.43;0;0;6.46;0
Mes 2;Dia 14;11:00;91;94;84;98;96;84;91;78;79;98;98;72;9.9;5.78;0;0;6.46;0;12.46;5.43;0;0;6.46;0
Mes 2;Dia 14;12:00;89;74;87;77;77;80;94;94;95;87;93;90;9.9;5.78;0;0;6.46;0;12.46;5.43;0;0;6.46;0
Mes 2;Dia 14;13:00;98;71;87;81;88;74;87;85;97;96;89;90;9.9;5.78;0;0;6.46;0;12.46;5.43;0;0;6.46;0
Mes 2;Dia 14;14:00;81;80;77;74;75;82;94;78;91;81;83;96;9.9;5.78;0;0;6.46;0;12.46;5.43;0;0;6.46;0
Mes 2;Dia 14;15:00;87;70;80;93;96;71;88;88;97;85;68;98;9.9;5.78;0;0;6.46;0;12.46;5.43;0;0;6.46;0
Mes 2;Dia 14;16:00;85;92;78;90;92;81;75;92;91;87;69;92;9.9;5.78;0;0;6.46;0;12.46;5.43;0;0;6.46;0
Mes 2;Dia 14;17:00;83;88;96;92;93;85;72;89;90;96;84;94;9.9;5.78;0;0;6.46;0;12.46;5.43;0;0;6.46;0
Mes 2;Dia 14;18:00;67;91;89;92;68;95;83;73;78;78;83;69;9.9;5.78;0;0;6.46;0;12.46;5.43;0;0;6.46;0
Mes 2;Dia 14;19:00;67;86;94;68;89;91;78;93;83;83;75;94;9.9;5.78;0;0;6.46;0;12.46;5.43;0;0;6.46;0
Mes 2;Dia 14;20:00;73;77;79;70;85;86;76;90;92;90;93;79;9.9;5.78;0;0;6.46;0;12.46;5.43;0;0;6.46;0
Mes 2;Dia 14;21:00;81;68;96;84;98;75;93;70;85;71;68;72;9.9;5.78;0;0;6.46;0;12.46;5.43;0;0;6.46;0
Mes 2;Dia 14;22:00;83;79;73;88;73;83;82;86;87;81;94;69;9.9;5.78;0;0;6.46;0;12.46;5.43;0;0;6.46;0
Mes 2;Dia 14;23:00;96;91;72;82;77;84;80;84;74;91;85;79;9.9;5.78;0;0;6.46;0;12.46;5.43;0;0;6.46;0
Mes 2;Dia 15;00:00;89;77;97;90;67;68;81;84;87;93;92;67;9.9;5.78;0;0;6.46;0;12.46;5.43;0;0;6.46;0
Mes 2;Dia 15;01:00;70;78;82;96;91;73;89;93;97;91;94;70;9.9;5.78;0;0;6.46;0;12.46;5.43;0;0;6.46;0
Mes 2;Dia 15;02:00;68;77;70;85;78;81;96;71;85;89;84;67;9.9;5.78;0;0;6.46;0;12.46;5.43;0;0;6.46;0
Mes 2;Dia 15;03:00;90;87;79;95;97;72;90;73;94;94;84;74;9.9;5.78;0;0;6.46;0;12.46;5.43;0;0;6.46;0
Mes 2;Dia 15;04:00;88;67;83;91;85;96;90;88;84;91;90;89;9.9;5.78;0;0;6.46;0;12.46;5.43;0;0;6.46;0
Mes 2;Dia 15;05:00;67;93;89;79;68;78;69;89;79;78;84;94;9.9;5.78;0;0;6.46;0;12.46;5.43;0;0;6.46;0
Mes 2;Dia 15;06:00;67;82;72;90;82;97;75;72;94;94;89;78;9.9;5.78;0;0;6.46;0;12.46;5.43;0;0;6.46;0
Mes 2;Dia 15;07:00;70;86;93;89;90;75;94;75;85;98;88;74;9.9;5.78;0;0;6.46;0;12.46;5.43;0;0;6.46;0
Mes 2;Dia 15;08:00;93;89;85;77;89;68;68;67;97;85;68;93;9.9;5.78;0;0;6.46;0;12.46;5.43;0;0;6.46;0
Mes 2;Dia 15;09:00;71;93;68;94;71;88;71;73;90;80;88;84;9.9;5.78;0;0;6.46;0;12.46;5.43;0;0;6.46;0
Mes 2;Dia 15;10:00;82;79;77;77;80;89;94;86;74;88;95;68;9.9;5.78;0;0;6.46;0;12.46;5.43;0;0;6.46;0
Mes 2;Dia 15;11:00;91;95;98;88;90;84;94;87;98;73;77;97;9.9;5.78;0;0;6.46;0;12.46;5.43;0;0;6.46;0
Mes 2;Dia 15;12:00;71;81;84;79;96;71;91;88;92;71;72;68;9.9;5.78;0;0;6.46;0;12.46;5.43;0;0;6.46;0
Mes 2;Dia 15;13:00;98;73;91;74;73;83;95;72;90;84;77;85;9.9;5.78;0;0;6.46;0;12.46;5.43;0;0;6.46;0
Mes 2;Dia 15;14:00;96;73;73;94;97;67;84;71;80;88;72;74;9.9;5.78;0;0;6.46;0;12.46;5.43;0;0;6.46;0
Mes 2;Dia 15;15:00;86;97;73;98;75;67;91;82;90;88;70;89;9.9;5.78;0;0;6.46;0;12.46;5.43;0;0;6.46;0
Mes 2;Dia 15;16:00;95;80;72;72;95;81;78;91;88;96;67;70;9.9;5.78;0;0;6.46;0;12.46;5.43;0;0;6.46;0
Mes 2;Dia 15;17:00;84;76;85;73;96;75;80;88;92;68;98;75;9.9;5.78;0;0;6.46;0;12.46;5.43;0;0;6.46;0
Mes 2;Dia 15;18:00;87;71;93;77;78;94;71;98;91;89;98;78;9.9;5.78;0;0;6.46;0;12.46;5.43;0;0;6.46;0
Mes 2;Dia 15;19:00;79;90;96;67;67;85;89;76;91;71;74;82;9.9;5.78;0;0;6.46;0;12.46;5.43;0;0;6.46;0
Mes 2;Dia 15;20:00;79;90;90;98;76;97;67;73;92;95;93;71;9.9;5.78;0;0;6.46;0;12.46;5.43;0;0;6.46;0
Mes 2;Dia 15;21:00;84;97;81;75;96;85;86;76;83;76;90;77;9.9;5.78;0;0;6.46;0;12.46;5.43;0;0;6.46;0
Mes 2;Dia 15;22:00;70;89;79;95;68;80;75;81;85;73;93;77;9.9;5.78;0;0;6.46;0;12.46;5.43;0;0;6.46;0
Mes 2;Dia 15;23:00;73;83;77;84;74;94;94;96;81;92;72;82;9.9;5.78;0;0;6.46;0;12.46;5.43;0;0;6.46;0
Mes 2;Dia 16;00:00;92;95;70;79;69;82;89;92;96;80;98;71;9.9;5.78;0;0;6.46;0;12.46;5.43;0;0;6.46;0
Mes 2;Dia 16;01:00;77;82;67;82;78;84;73;72;95;89;70;84;9.9;5.78;0;0;6.46;0;12.46;5.43;0;0;6.46;0
Mes 2;Dia 16;02:00;93;80;76;68;69;68;83;87;84;96;90;79;9.9;5.78;0;0;6.46;0;12.46;5.43;0;0;6.46;0
Mes 2;Dia 16;03:00;93;98;74;94;92;91;88;83;91;92;70;83;9.9;5.78;0;0;6.46;0;12.46;5.43;0;0;6.46;0
Mes 2;Dia 16;04:00;93;83;73;71;79;92;89;92;92;70;72;75;9.9;5.78;0;0;6.46;0;12.46;5.43;0;0;6.46;0
Mes 2;Dia 16;05:00;90;91;80;71;81;88;71;70;92;69;75;90;9.9;5.78;0;0;6.46;0;12.46;5.43;0;0;6.46;0
Mes 2;Dia 16;06:00;97;67;89;83;68;91;79;81;98;96;81;97;9.9;5.78;0;0;6.46;0;12.46;5.43;0;0;6.46;0
Mes 2;Dia 16;07:00;94;76;96;87;93;95;84;70;76;75;80;94;9.9;5.78;0;0;6.46;0;12.46;5.43;0;0;6.46;0
Mes 2;Dia 16;08:00;89;70;67;90;87;71;73;97;72;69;77;82;9.9;5.78;0;0;6.46;0;12.46;5.43;0;0;6.46;0
Mes 2;Dia 16;09:00;92;91;93;88;97;91;78;67;91;93;73;91;9.9;5.78;0;0;6.46;0;12.46;5.43;0;0;6.46;0
Mes 2;Dia 16;10:00;92;92;69;71;84;98;89;67;73;71;80;74;9.9;5.78;0;0;6.46;0;12.46;5.43;0;0;6.46;0
Mes 2;Dia 16;11:00;72;80;94;98;79;97;74;95;83;81;96;76;9.9;5.78;0;0;6.46;0;12.46;5.43;0;0;6.46;0
Mes 2;Dia 16;12:00;94;77;88;98;71;94;91;74;70;76;83;82;9.9;5.78;0;0;6.46;0;12.46;5.43;0;0;6.46;0
Mes 2;Dia 16;13:00;90;70;96;73;85;90;86;75;78;68;70;68;9.9;5.78;0;0;6.46;0;12.46;5.43;0;0;6.46;0
Mes 2;Dia 16;14:00;89;77;93;81;94;77;75;67;80;76;86;75;9.9;5.78;0;0;6.46;0;12.46;5.43;0;0;6.46;0
Mes 2;Dia 16;15:00;71;94;95;82;81;80;78;81;70;84;75;82;9.9;5.78;0;0;6.46;0;12.46;5.43;0;0;6.46;0
Mes 2;Dia 16;16:00;87;89;91;71;69;90;84;97;97;77;98;70;9.9;5.78;0;0;6.46;0;12.46;5.43;0;0;6.46;0
Mes 2;Dia 16;17:00;85;83;87;70;76;74;95;98;89;86;86;77;9.9;5.78;0;0;6.46;0;12.46;5.43;0;0;6.46;0
Mes 2;Dia 16;18:00;92;90;95;80;83;97;84;85;75;85;92;76;9.9;5.78;0;0;6.46;0;12.46;5.43;0;0;6.46;0
Mes 2;Dia 16;19:00;70;79;74;81;78;71;90;86;97;77;94;69;9.9;5.78;0;0;6.46;0;12.46;5.43;0;0;6.46;0
Mes 2;Dia 16;20:00;94;73;95;68;88;69;90;82;68;88;76;98;9.9;5.78;0;0;6.46;0;12.46;5.43;0;0;6.46;0
Mes 2;Dia 16;21:00;68;79;94;84;93;67;94;89;76;72;85;70;9.9;5.78;0;0;6.46;0;12.46;5.43;0;0;6.46;0
Mes 2;Dia 16;22:00;79;68;90;98;86;68;82;96;78;71;87;69;9.9;5.78;0;0;6.46;0;12.46;5.43;0;0;6.46;0
Mes 2;Dia 16;23:00;89;88;80;98;74;95;92;70;95;85;89;88;9.9;5.78;0;0;6.46;0;12.46;5.43;0;0;6.46;0
Mes 2;Dia 17;00:00;83;82;85;93;67;80;91;97;74;79;72;71;9.9;5.78;0;0;6.46;0;12.46;5.43;0;0;6.46;0
Mes 2;Dia 17;01:00;96;72;74;88;76;76;87;72;87;84;70;96;9.9;5.78;0;0;6.46;0;12.46;5.43;0;0;6.46;0
Mes 2;Dia 17;02:00;93;88;97;88;82;93;69;87;95;74;72;72;9.9;5.78;0;0;6.46;0;12.46;5.43;0;0;6.46;0
Mes 2;Dia 17;03:00;73;67;86;82;82;93;90;78;95;82;85;93;9.9;5.78;0;0;6.46;0;12.46;5.43;0;0;6.46;0
Mes 2;Dia 17;04:00;87;68;96;86;72;92;98;87;95;94;78;76;9.9;5.78;0;0;6.46;0;12.46;5.43;0;0;6.46;0
Mes 2;Dia 17;05:00;82;88;83;69;82;71;86;90;78;89;96;95;9.9;5.78;0;0;6.46;0;12.46;5.43;0;0;6.46;0
Mes 2;Dia 17;06:00;72;71;79;69;81;88;76;97;77;71;95;72;9.9;5.78;0;0;6.46;0;12.46;5.43;0;0;6.46;0
Mes 2;Dia 17;07:00;79;75;68;76;98;82;89;77;88;75;81;88;9.9;5.78;0;0;6.46;0;12.46;5.43;0;0;6.46;0
Mes 2;Dia 17;08:00;86;97;75;96;81;89;87;96;83;80;73;91;9.9;5.78;0;0;6.46;0;12.46;5.43;0;0;6.46;0
Mes 2;Dia 17;09:00;89;67;70;98;88;94;98;72;68;93;97;95;9.9;5.78;0;0;6.46;0;12.46;5.43;0;0;6.46;0
Mes 2;Dia 17;10:00;96;85;97;82;68;92;82;78;87;93;77;88;9.9;5.78;0;0;6.46;0;12.46;5.43;0;0;6.46;0
Mes 2;Dia 17;11:00;92;93;97;73;67;83;67;98;95;68;77;70;9.9;5.78;0;0;6.46;0;12.46;5.43;0;0;6.46;0
Mes 2;Dia 17;12:00;93;71;92;76;70;97;84;89;94;77;85;70;9.9;5.78;0;0;6.46;0;12.46;5.43;0;0;6.46;0
Mes 2;Dia 17;13:00;86;83;77;69;76;94;72;88;78;88;72;80;9.9;5.78;0;0;6.46;0;12.46;5.43;0;0;6.46;0
Mes 2;Dia 17;14:00;69;97;71;92;90;93;93;90;79;78;98;74;9.9;5.78;0;0;6.46;0;12.46;5.43;0;0;6.46;0
Mes 2;Dia 17;15:00;93;81;84;94;94;86;84;84;90;79;74;98;9.9;5.78;0;0;6.46;0;12.46;5.43;0;0;6.46;0
Mes 2;Dia 17;16:00;84;96;86;71;68;84;88;94;92;75;76;84;9.9;5.78;0;0;6.46;0;12.46;5.43;0;0;6.46;0
Mes 2;Dia 17;17:00;83;83;86;86;88;79;67;73;78;90;85;84;9.9;5.78;0;0;6.46;0;12.46;5.43;0;0;6.46;0
Mes 2;Dia 17;18:00;85;84;70;79;97;87;69;69;81;77;75;96;9.9;5.78;0;0;6.46;0;12.46;5.43;0;0;6.46;0
Mes 2;Dia 17;19:00;69;93;85;98;93;74;92;93;93;67;71;77;9.9;5.78;0;0;6.46;0;12.46;5.43;0;0;6.46;0
Mes 2;Dia 17;20:00;67;76;90;69;87;79;70;80;90;85;92;85;9.9;5.78;0;0;6.46;0;12.46;5.43;0;0;6.46;0
Mes 2;Dia 17;21:00;76;98;94;88;95;69;80;95;75;81;67;81;9.9;5.78;0;0;6.46;0;12.46;5.43;0;0;6.46;0
Mes 2;Dia 17;22:00;86;91;73;87;75;70;86;96;90;76;90;95;9.9;5.78;0;0;6.46;0;12.46;5.43;0;0;6.46;0
Mes 2;Dia 17;23:00;96;94;87;72;98;90;80;82;69;68;69;84;9.9;5.78;0;0;6.46;0;12.46;5.43;0;0;6.46;0
Mes 2;Dia 18;00:00;67;74;89;95;70;89;78;90;77;86;92;97;9.9;5.78;0;0;6.46;0;12.46;5.43;0;0;6.46;0
Mes 2;Dia 18;01:00;90;85;75;98;77;78;83;92;85;75;83;97;9.9;5.78;0;0;6.46;0;12.46;5.43;0;0;6.46;0
Mes 2;Dia 18;02:00;95;76;90;83;89;86;72;97;87;80;70;93;9.9;5.78;0;0;6.46;0;12.46;5.43;0;0;6.46;0
Mes 2;Dia 18;03:00;74;75;90;84;76;97;90;69;91;98;76;86;9.9;5.78;0;0;6.46;0;12.46;5.43;0;0;6.46;0
Mes 2;Dia 18;04:00;68;69;93;80;91;84;88;90;71;89;81;67;9.9;5.78;0;0;6.46;0;12.46;5.43;0;0;6.46;0
Mes 2;Dia 18;05:00;87;91;96;73;86;80;76;76;77;98;85;70;9.9;5.78;0;0;6.46;0;12.46;5.43;0;0;6.46;0
Mes 2;Dia 18;06:00;89;72;88;82;97;91;80;93;87;71;79;77;9.9;5.78;0;0;6.46;0;12.46;5.43;0;0;6.46;0
Mes 2;Dia 18;07:00;73;83;81;83;96;77;87;76;80;76;86;98;9.9;5.78;0;0;6.46;0;12.46;5.43;0;0;6.46;0
Mes 2;Dia 18;08:00;95;72;78;80;85;86;73;80;83;72;77;89;9.9;5.78;0;0;6.46;0;12.46;5.43;0;0;6.46;0
Mes 2;Dia 18;09:00;98;97;79;69;92;93;93;81;71;79;72;86;9.9;5.78;0;0;6.46;0;12.46;5.43;0;0;6.46;0
Mes 2;Dia 18;10:00;94;87;90;69;84;69;87;95;92;80;93;67;9.9;5.78;0;0;6.46;0;12.46;5.43;0;0;6.46;0
Mes 2;Dia 18;11:00;88;94;72;97;70;73;77;83;94;67;94;88;9.9;5.78;0;0;6.46;0;12.46;5.43;0;0;6.46;0
Mes 2;Dia 18;12:00;92;68;92;94;93;94;81;67;68;74;76;89;9.9;5.78;0;0;6.46;0;12.46;5.43;0;0;6.46;0
Mes 2;Dia 18;13:00;77;83;75;87;67;72;90;75;67;70;80;81;9.9;5.78;0;0;6.46;0;12.46;5.43;0;0;6.46;0
Mes 2;Dia 18;14:00;87;85;83;90;89;85;67;96;94;97;79;80;9.9;5.78;0;0;6.46;0;12.46;5.43;0;0;6.46;0
Mes 2;Dia 18;15:00;98;76;75;70;90;87;70;98;69;81;95;84;9.9;5.78;0;0;6.46;0;12.46;5.43;0;0;6.46;0
Mes 2;Dia 18;16:00;74;69;82;97;68;78;73;92;86;89;97;73;9.9;5.78;0;0;6.46;0;12.46;5.43;0;0;6.46;0
Mes 2;Dia 18;17:00;81;71;76;77;89;74;85;93;69;97;86;84;9.9;5.78;0;0;6.46;0;12.46;5.43;0;0;6.46;0
Mes 2;Dia 18;18:00;75;68;92;98;70;74;95;69;67;94;84;72;9.9;5.78;0;0;6.46;0;12.46;5.43;0;0;6.46;0
Mes 2;Dia 18;19:00;79;81;83;81;68;73;91;70;95;90;87;96;9.9;5.78;0;0;6.46;0;12.46;5.43;0;0;6.46;0
Mes 2;Dia 18;20:00;82;79;75;67;85;95;83;79;85;83;69;77;9.9;5.78;0;0;6.46;0;12.46;5.43;0;0;6.46;0
Mes 2;Dia 18;21:00;77;76;71;86;88;73;71;69;81;79;87;68;9.9;5.78;0;0;6.46;0;12.46;5.43;0;0;6.46;0
Mes 2;Dia 18;22:00;69;90;83;98;92;88;94;84;87;67;84;90;9.9;5.78;0;0;6.46;0;12.46;5.43;0;0;6.46;0
Mes 2;Dia 18;23:00;80;67;77;90;79;80;67;85;74;76;97;74;9.9;5.78;0;0;6.46;0;12.46;5.43;0;0;6.46;0
Mes 2;Dia 19;00:00;93;92;69;92;83;91;83;70;76;97;97;77;9.9;5.78;0;0;6.46;0;12.46;5.43;0;0;6.46;0
Mes 2;Dia 19;01:00;95;95;94;84;97;87;71;75;91;73;91;92;9.9;5.78;0;0;6.46;0;12.46;5.43;0;0;6.46;0
Mes 2;Dia 19;02:00;68;69;95;72;78;74;87;72;71;79;76;85;9.9;5.78;0;0;6.46;0;12.46;5.43;0;0;6.46;0
Mes 2;Dia 19;03:00;70;91;90;90;67;69;94;87;87;79;88;86;9.9;5.78;0;0;6.46;0;12.46;5.43;0;0;6.46;0
Mes 2;Dia 19;04:00;87;92;88;83;72;76;72;72;91;73;68;80;9.9;5.78;0;0;6.46;0;12.46;5.43;0;0;6.46;0
Mes 2;Dia 19;05:00;84;68;70;94;77;93;88;84;67;93;72;88;9.9;5.78;0;0;6.46;0;12.46;5.43;0;0;6.46;0
Mes 2;Dia 19;06:00;84;83;70;92;68;80;77;78;87;88;81;67;9.9;5.78;0;0;6.46;0;12.46;5.43;0;0;6.46;0
Mes 2;Dia 19;07:00;98;82;87;81;83;90;96;87;85;73;71;77;9.9;5.78;0;0;6.46;0;12.46;5.43;0;0;6.46;0
Mes 2;Dia 19;08:00;76;70;77;70;96;78;85;76;82;75;76;92;9.9;5.78;0;0;6.46;0;12.46;5.43;0;0;6.46;0
Mes 2;Dia 19;09:00;75;70;85;70;81;84;97;70;67;88;82;68;9.9;5.78;0;0;6.46;0;12.46;5.43;0;0;6.46;0
Mes 2;Dia 19;10:00;78;92;81;75;70;83;75;94;94;86;74;97;9.9;5.78;0;0;6.46;0;12.46;5.43;0;0;6.46;0
Mes 2;Dia 19;11:00;75;86;89;91;72;89;78;72;90;77;70;92;9.9;5.78;0;0;6.46;0;12.46;5.43;0;0;6.46;0
Mes 2;Dia 19;12:00;71;82;76;68;91;86;97;93;79;91;89;89;9.9;5.78;0;0;6.46;0;12.46;5.43;0;0;6.46;0
Mes 2;Dia 19;13:00;73;94;86;87;77;75;76;83;98;89;72;95;9.9;5.78;0;0;6.46;0;12.46;5.43;0;0;6.46;0
Mes 2;Dia 19;14:00;96;96;92;93;93;69;98;69;74;93;73;70;9.9;5.78;0;0;6.46;0;12.46;5.43;0;0;6.46;0
Mes 2;Dia 19;15:00;96;76;87;90;71;71;88;87;74;87;83;90;9.9;5.78;0;0;6.46;0;12.46;5.43;0;0;6.46;0
Mes 2;Dia 19;16:00;97;67;73;77;98;93;93;74;80;88;74;81;9.9;5.78;0;0;6.46;0;12.46;5.43;0;0;6.46;0
Mes 2;Dia 19;17:00;93;78;90;75;75;75;79;76;94;85;96;68;9.9;5.78;0;0;6.46;0;12.46;5.43;0;0;6.46;0
Mes 2;Dia 19;18:00;80;92;71;72;67;93;90;83;85;86;98;71;9.9;5.78;0;0;6.46;0;12.46;5.43;0;0;6.46;0
Mes 2;Dia 19;19:00;86;70;92;71;88;80;67;71;73;85;86;78;9.9;5.78;0;0;6.46;0;12.46;5.43;0;0;6.46;0
Mes 2;Dia 19;20:00;70;79;75;78;80;74;70;82;89;82;73;75;9.9;5.78;0;0;6.46;0;12.46;5.43;0;0;6.46;0
Mes 2;Dia 19;21:00;98;80;84;87;73;75;73;67;72;97;91;93;9.9;5.78;0;0;6.46;0;12.46;5.43;0;0;6.46;0
Mes 2;Dia 19;22:00;90;74;92;69;74;94;71;74;79;78;67;82;9.9;5.78;0;0;6.46;0;12.46;5.43;0;0;6.46;0
Mes 2;Dia 19;23:00;81;93;95;83;92;74;89;88;92;87;72;74;9.9;5.78;0;0;6.46;0;12.46;5.43;0;0;6.46;0
Mes 2;Dia 20;00:00;77;83;96;98;71;70;95;97;81;75;87;84;9.9;5.78;0;0;6.46;0;12.46;5.43;0;0;6.46;0
Mes 2;Dia 20;01:00;87;91;94;98;86;97;72;67;98;87;87;79;9.9;5.78;0;0;6.46;0;12.46;5.43;0;0;6.46;0
Mes 2;Dia 20;02:00;92;95;72;88;72;80;74;94;98;84;87;74;9.9;5.78;0;0;6.46;0;12.46;5.43;0;0;6.46;0
Mes 2;Dia 20;03:00;81;79;76;91;79;79;77;84;73;80;80;67;9.9;5.78;0;0;6.46;0;12.46;5.43;0;0;6.46;0
Mes 2;Dia 20;04:00;70;76;73;85;81;76;90;70;92;84;91;84;9.9;5.78;0;0;6.46;0;12.46;5.43;0;0;6.46;0
Mes 2;Dia 20;05:00;84;76;76;95;93;93;92;94;80;97;73;87;9.9;5.78;0;0;6.46;0;12.46;5.43;0;0;6.46;0
Mes 2;Dia 20;06:00;91;67;67;93;68;77;84;83;85;69;75;96;9.9;5.78;0;0;6.46;0;12.46;5.43;0;0;6.46;0
Mes 2;Dia 20;07:00;71;79;70;83;78;88;77;98;86;93;86;80;9.9;5.78;0;0;6.46;0;12.46;5.43;0;0;6.46;0
Mes 2;Dia 20;08:00;94;92;68;93;96;97;69;78;98;69;72;77;9.9;5.78;0;0;6.46;0;12.46;5.43;0;0;6.46;0
Mes 2;Dia 20;09:00;73;72;72;71;71;72;87;73;88;73;87;69;9.9;5.78;0;0;6.46;0;12.46;5.43;0;0;6.46;0
Mes 2;Dia 20;10:00;87;78;69;93;80;76;92;78;97;76;78;90;9.9;5.78;0;0;6.46;0;12.46;5.43;0;0;6.46;0
Mes 2;Dia 20;11:00;89;89;70;95;75;97;80;96;86;84;98;92;9.9;5.78;0;0;6.46;0;12.46;5.43;0;0;6.46;0
Mes 2;Dia 20;12:00;92;92;98;93;75;98;82;76;91;97;87;74;9.9;5.78;0;0;6.46;0;12.46;5.43;0;0;6.46;0
Mes 2;Dia 20;13:00;85;81;89;80;86;71;86;68;87;70;87;68;9.9;5.78;0;0;6.46;0;12.46;5.43;0;0;6.46;0
Mes 2;Dia 20;14:00;69;87;93;88;89;97;75;93;91;87;73;77;9.9;5.78;0;0;6.46;0;12.46;5.43;0;0;6.46;0
Mes 2;Dia 20;15:00;95;80;82;84;88;77;79;95;92;75;78;93;9.9;5.78;0;0;6.46;0;12.46;5.43;0;0;6.46;0
Mes 2;Dia 20;16:00;73;89;68;68;92;82;68;88;82;96;74;87;9.9;5.78;0;0;6.46;0;12.46;5.43;0;0;6.46;0
Mes 2;Dia 20;17:00;73;76;89;68;85;68;82;85;90;84;92;93;9.9;5.78;0;0;6.46;0;12.46;5.43;0;0;6.46;0
Mes 2;Dia 20;18:00;67;87;82;90;87;85;71;76;91;94;80;98;9.9;5.78;0;0;6.46;0;12.46;5.43;0;0;6.46;0
Mes 2;Dia 20;19:00;85;92;74;87;86;74;79;95;92;92;85;76;9.9;5.78;0;0;6.46;0;12.46;5.43;0;0;6.46;0
Mes 2;Dia 20;20:00;71;83;97;86;86;76;78;78;84;88;77;68;9.9;5.78;0;0;6.46;0;12.46;5.43;0;0;6.46;0
Mes 2;Dia 20;21:00;88;74;98;90;88;73;75;85;86;68;92;79;9.9;5.78;0;0;6.46;0;12.46;5.43;0;0;6.46;0
Mes 2;Dia 20;22:00;75;82;95;69;80;90;71;73;75;81;80;87;9.9;5.78;0;0;6.46;0;12.46;5.43;0;0;6.46;0
Mes 2;Dia 20;23:00;88;73;91;93;85;80;83;93;74;76;68;93;9.9;5.78;0;0;6.46;0;12.46;5.43;0;0;6.46;0
Mes 2;Dia 21;00:00;88;73;74;83;90;92;85;70;79;71;91;98;9.9;5.78;0;0;6.46;0;12.46;5.43;0;0;6.46;0
Mes 2;Dia 21;01:00;73;67;96;83;70;85;73;90;77;70;83;96;9.9;5.78;0;0;6.46;0;12.46;5.43;0;0;6.46;0
Mes 2;Dia 21;02:00;78;91;72;79;81;94;94;88;74;75;94;73;9.9;5.78;0;0;6.46;0;12.46;5.43;0;0;6.46;0
Mes 2;Dia 21;03:00;68;84;96;76;81;89;68;93;96;98;72;88;9.9;5.78;0;0;6.46;0;12.46;5.43;0;0;6.46;0
Mes 2;Dia 21;04:00;69;86;96;82;68;79;97;93;73;98;94;96;9.9;5.78;0;0;6.46;0;12.46;5.43;0;0;6.46;0
Mes 2;Dia 21;05:00;92;68;83;70;75;77;88;89;93;92;76;89;9.9;5.78;0;0;6.46;0;12.46;5.43;0;0;6.46;0
Mes 2;Dia 21;06:00;72;83;91;76;82;94;97;67;74;75;74;74;9.9;5.78;0;0;6.46;0;12.46;5.43;0;0;6.46;0
Mes 2;Dia 21;07:00;89;95;81;78;71;79;83;76;79;77;78;76;9.9;5.78;0;0;6.46;0;12.46;5.43;0;0;6.46;0
Mes 2;Dia 21;08:00;85;77;67;80;82;78;89;94;80;94;68;74;9.9;5.78;0;0;6.46;0;12.46;5.43;0;0;6.46;0
Mes 2;Dia 21;09:00;72;88;89;76;69;67;88;80;82;74;70;88;9.9;5.78;0;0;6.46;0;12.46;5.43;0;0;6.46;0
Mes 2;Dia 21;10:00;80;76;74;69;81;75;74;94;96;78;92;74;9.9;5.78;0;0;6.46;0;12.46;5.43;0;0;6.46;0
Mes 2;Dia 21;11:00;86;75;84;77;89;96;81;68;72;96;88;68;9.9;5.78;0;0;6.46;0;12.46;5.43;0;0;6.46;0
Mes 2;Dia 21;12:00;73;77;78;75;70;87;79;96;93;73;93;79;9.9;5.78;0;0;6.46;0;12.46;5.43;0;0;6.46;0
Mes 2;Dia 21;13:00;96;84;78;98;79;74;91;88;81;82;75;74;9.9;5.78;0;0;6.46;0;12.46;5.43;0;0;6.46;0
Mes 2;Dia 21;14:00;89;88;72;75;90;93;67;73;89;95;81;92;9.9;5.78;0;0;6.46;0;12.46;5.43;0;0;6.46;0
Mes 2;Dia 21;15:00;84;95;75;73;71;97;81;86;69;90;84;89;9.9;5.78;0;0;6.46;0;12.46;5.43;0;0;6.46;0
Mes 2;Dia 21;16:00;98;70;74;71;90;89;91;98;91;83;84;75;9.9;5.78;0;0;6.46;0;12.46;5.43;0;0;6.46;0
Mes 2;Dia 21;17:00;80;69;72;76;82;81;78;84;72;89;97;85;9.9;5.78;0;0;6.46;0;12.46;5.43;0;0;6.46;0
Mes 2;Dia 21;18:00;95;76;97;98;98;71;92;98;67;72;97;67;9.9;5.78;0;0;6.46;0;12.46;5.43;0;0;6.46;0
Mes 2;Dia 21;19:00;72;94;71;88;77;87;92;79;98;97;71;80;9.9;5.78;0;0;6.46;0;12.46;5.43;0;0;6.46;0
Mes 2;Dia 21;20:00;68;67;79;75;91;92;86;78;67;88;98;79;9.9;5.78;0;0;6.46;0;12.46;5.43;0;0;6.46;0
Mes 2;Dia 21;21:00;68;68;78;84;83;69;73;91;98;67;81;79;9.9;5.78;0;0;6.46;0;12.46;5.43;0;0;6.46;0
Mes 2;Dia 21;22:00;98;73;94;87;93;97;73;81;84;75;73;88;9.9;5.78;0;0;6.46;0;12.46;5.43;0;0;6.46;0
Mes 2;Dia 21;23:00;67;90;85;68;71;75;67;82;73;76;95;97;9.9;5.78;0;0;6.46;0;12.46;5.43;0;0;6.46;0
Mes 2;Dia 22;00:00;85;92;72;88;89;88;97;98;86;92;79;80;9.9;5.78;0;0;6.46;0;12.46;5.43;0;0;6.46;0
Mes 2;Dia 22;01:00;89;86;88;95;82;72;78;84;81;96;72;80;9.9;5.78;0;0;6.46;0;12.46;5.43;0;0;6.46;0
Mes 2;Dia 22;02:00;92;82;88;68;96;76;72;67;87;80;93;77;9.9;5.78;0;0;6.46;0;12.46;5.43;0;0;6.46;0
Mes 2;Dia 22;03:00;98;95;73;97;94;82;93;71;84;77;98;84;9.9;5.78;0;0;6.46;0;12.46;5.43;0;0;6.46;0
Mes 2;Dia 22;04:00;98;85;94;83;68;95;77;89;67;81;91;68;9.9;5.78;0;0;6.46;0;12.46;5.43;0;0;6.46;0
Mes 2;Dia 22;05:00;96;96;77;84;84;73;87;89;75;82;72;71;9.9;5.78;0;0;6.46;0;12.46;5.43;0;0;6.46;0
Mes 2;Dia 22;06:00;77;96;97;92;72;89;77;84;86;83;81;98;9.9;5.78;0;0;6.46;0;12.46;5.43;0;0;6.46;0
Mes 2;Dia 22;07:00;85;85;76;93;94;97;72;86;80;79;87;77;9.9;5.78;0;0;6.46;0;12.46;5.43;0;0;6.46;0
Mes 2;Dia 22;08:00;97;94;90;69;77;87;82;72;90;87;70;80;9.9;5.78;0;0;6.46;0;12.46;5.43;0;0;6.46;0
Mes 2;Dia 22;09:00;80;90;74;94;73;71;89;92;79;69;67;87;9.9;5.78;0;0;6.46;0;12.46;5.43;0;0;6.46;0
Mes 2;Dia 22;10:00;85;87;83;97;80;81;74;93;89;82;76;77;9.9;5.78;0;0;6.46;0;12.46;5.43;0;0;6.46;0
Mes 2;Dia 22;11:00;73;73;74;74;85;91;85;83;80;86;83;84;9.9;5.78;0;0;6.46;0;12.46;5.43;0;0;6.46;0
Mes 2;Dia 22;12:00;68;84;84;84;76;70;68;91;89;72;82;67;9.9;5.78;0;0;6.46;0;12.46;5.43;0;0;6.46;0
Mes 2;Dia 22;13:00;88;67;72;84;84;85;72;75;70;81;96;93;9.9;5.78;0;0;6.46;0;12.46;5.43;0;0;6.46;0
Mes 2;Dia 22;14:00;75;78;96;94;90;86;97;79;89;80;97;97;9.9;5.78;0;0;6.46;0;12.46;5.43;0;0;6.46;0
Mes 2;Dia 22;15:00;87;76;68;93;74;73;78;77;73;97;96;71;9.9;5.78;0;0;6.46;0;12.46;5.43;0;0;6.46;0
Mes 2;Dia 22;16:00;92;79;82;97;85;75;79;74;88;87;88;85;9.9;5.78;0;0;6.46;0;12.46;5.43;0;0;6.46;0
Mes 2;Dia 22;17:00;67;82;75;90;76;93;82;73;85;98;80;88;9.9;5.78;0;0;6.46;0;12.46;5.43;0;0;6.46;0
Mes 2;Dia 22;18:00;73;96;79;68;95;93;89;87;84;88;96;88;9.9;5.78;0;0;6.46;0;12.46;5.43;0;0;6.46;0
Mes 2;Dia 22;19:00;95;67;67;86;87;73;96;83;67;94;87;83;9.9;5.78;0;0;6.46;0;12.46;5.43;0;0;6.46;0
Mes 2;Dia 22;20:00;81;67;97;90;97;75;78;67;92;90;86;76;9.9;5.78;0;0;6.46;0;12.46;5.43;0;0;6.46;0
Mes 2;Dia 22;21:00;83;71;91;87;89;79;98;68;87;81;68;98;9.9;5.78;0;0;6.46;0;12.46;5.43;0;0;6.46;0
Mes 2;Dia 22;22:00;85;85;80;75;72;97;78;74;80;87;70;80;9.9;5.78;0;0;6.46;0;12.46;5.43;0;0;6.46;0
Mes 2;Dia 22;23:00;89;80;86;95;82;93;91;79;74;74;81;85;9.9;5.78;0;0;6.46;0;12.46;5.43;0;0;6.46;0
Mes 2;Dia 23;00:00;94;93;94;92;76;96;76;97;80;90;89;68;9.9;5.78;0;0;6.46;0;12.46;5.43;0;0;6.46;0
Mes 2;Dia 23;01:00;93;79;78;73;76;85;90;78;74;83;97;83;9.9;5.78;0;0;6.46;0;12.46;5.43;0;0;6.46;0
Mes 2;Dia 23;02:00;83;85;98;68;91;94;97;97;96;70;82;88;9.9;5.78;0;0;6.46;0;12.46;5.43;0;0;6.46;0
Mes 2;Dia 23;03:00;72;96;83;84;77;73;81;68;80;91;72;85;9.9;5.78;0;0;6.46;0;12.46;5.43;0;0;6.46;0
Mes 2;Dia 23;04:00;69;83;91;83;68;85;68;70;76;75;92;72;9.9;5.78;0;0;6.46;0;12.46;5.43;0;0;6.46;0
Mes 2;Dia 23;05:00;73;78;96;82;74;94;70;81;84;81;68;85;9.9;5.78;0;0;6.46;0;12.46;5.43;0;0;6.46;0
Mes 2;Dia 23;06:00;79;83;82;85;86;80;86;68;72;98;88;75;9.9;5.78;0;0;6.46;0;12.46;5.43;0;0;6.46;0
Mes 2;Dia 23;07:00;81;71;87;84;94;94;69;74;72;68;71;97;9.9;5.78;0;0;6.46;0;12.46;5.43;0;0;6.46;0
Mes 2;Dia 23;08:00;74;86;94;71;83;90;97;81;92;78;82;74;9.9;5.78;0;0;6.46;0;12.46;5.43;0;0;6.46;0
Mes 2;Dia 23;09:00;90;81;83;91;92;88;95;81;91;90;76;70;9.9;5.78;0;0;6.46;0;12.46;5.43;0;0;6.46;0
Mes 2;Dia 23;10:00;84;85;69;71;89;89;91;68;98;90;81;73;9.9;5.78;0;0;6.46;0;12.46;5.43;0;0;6.46;0
Mes 2;Dia 23;11:00;70;97;98;83;98;93;71;70;98;70;88;79;9.9;5.78;0;0;6.46;0;12.46;5.43;0;0;6.46;0
Mes 2;Dia 23;12:00;80;83;89;80;68;89;79;78;82;79;71;69;9.9;5.78;0;0;6.46;0;12.46;5.43;0;0;6.46;0
Mes 2;Dia 23;13:00;87;86;81;89;69;83;78;96;83;79;70;84;9.9;5.78;0;0;6.46;0;12.46;5.43;0;0;6.46;0
Mes 2;Dia 23;14:00;88;91;82;93;97;72;87;93;70;78;97;67;9.9;5.78;0;0;6.46;0;12.46;5.43;0;0;6.46;0
Mes 2;Dia 23;15:00;80;90;76;94;88;73;72;82;94;76;93;89;9.9;5.78;0;0;6.46;0;12.46;5.43;0;0;6.46;0
Mes 2;Dia 23;16:00;79;83;87;79;73;80;90;68;84;74;71;72;9.9;5.78;0;0;6.46;0;12.46;5.43;0;0;6.46;0
Mes 2;Dia 23;17:00;87;89;86;91;84;87;94;95;94;83;77;91;9.9;5.78;0;0;6.46;0;12.46;5.43;0;0;6.46;0
Mes 2;Dia 23;18:00;69;68;70;91;94;82;69;78;79;94;76;78;9.9;5.78;0;0;6.46;0;12.46;5.43;0;0;6.46;0
Mes 2;Dia 23;19:00;79;88;82;68;73;70;84;79;88;92;70;84;9.9;5.78;0;0;6.46;0;12.46;5.43;0;0;6.46;0
Mes 2;Dia 23;20:00;93;96;95;69;96;83;79;79;88;67;84;78;9.9;5.78;0;0;6.46;0;12.46;5.43;0;0;6.46;0
Mes 2;Dia 23;21:00;95;72;87;94;92;69;83;91;77;80;72;84;9.9;5.78;0;0;6.46;0;12.46;5.43;0;0;6.46;0
Mes 2;Dia 23;22:00;89;80;88;69;75;90;70;84;86;77;93;83;9.9;5.78;0;0;6.46;0;12.46;5.43;0;0;6.46;0
Mes 2;Dia 23;23:00;88;67;86;70;80;87;68;88;98;96;81;67;9.9;5.78;0;0;6.46;0;12.46;5.43;0;0;6.46;0
Mes 2;Dia 24;00:00;94;78;83;81;84;84;89;96;93;88;74;74;9.9;5.78;0;0;6.46;0;12.46;5.43;0;0;6.46;0
Mes 2;Dia 24;01:00;68;78;70;94;76;91;97;81;74;73;80;90;9.9;5.78;0;0;6.46;0;12.46;5.43;0;0;6.46;0
Mes 2;Dia 24;02:00;70;96;94;93;79;85;89;78;79;80;87;89;9.9;5.78;0;0;6.46;0;12.46;5.43;0;0;6.46;0
Mes 2;Dia 24;03:00;93;89;96;79;81;93;80;75;94;86;93;67;9.9;5.78;0;0;6.46;0;12.46;5.43;0;0;6.46;0
Mes 2;Dia 24;04:00;72;77;91;98;71;75;78;92;75;69;74;91;9.9;5.78;0;0;6.46;0;12.46;5.43;0;0;6.46;0
Mes 2;Dia 24;05:00;76;76;91;74;72;94;91;82;97;69;67;89;9.9;5.78;0;0;6.46;0;12.46;5.43;0;0;6.46;0
Mes 2;Dia 24;06:00;98;74;86;71;94;67;71;72;84;70;69;75;9.9;5.78;0;0;6.46;0;12.46;5.43;0;0;6.46;0
Mes 2;Dia 24;07:00;71;93;85;90;78;81;72;98;80;78;91;92;9.9;5.78;0;0;6.46;0;12.46;5.43;0;0;6.46;0
Mes 2;Dia 24;08:00;84;68;98;79;93;80;71;74;85;83;70;69;9.9;5.78;0;0;6.46;0;12.46;5.43;0;0;6.46;0
Mes 2;Dia 24;09:00;97;74;80;97;71;92;97;74;81;84;76;84;9.9;5.78;0;0;6.46;0;12.46;5.43;0;0;6.46;0
Mes 2;Dia 24;10:00;83;90;89;78;67;90;92;92;90;87;75;93;9.9;5.78;0;0;6.46;0;12.46;5.43;0;0;6.46;0
Mes 2;Dia 24;11:00;79;93;91;79;76;75;70;69;98;95;75;96;9.9;5.78;0;0;6.46;0;12.46;5.43;0;0;6.46;0
Mes 2;Dia 24;12:00;88;85;70;85;82;86;96;78;79;77;97;78;9.9;5.78;0;0;6.46;0;12.46;5.43;0;0;6.46;0
Mes 2;Dia 24;13:00;95;88;71;87;71;69;67;90;92;95;76;79;9.9;5.78;0;0;6.46;0;12.46;5.43;0;0;6.46;0
Mes 2;Dia 24;14:00;69;73;84;88;91;74;79;89;88;87;88;85;9.9;5.78;0;0;6.46;0;12.46;5.43;0;0;6.46;0
Mes 2;Dia 24;15:00;80;67;98;81;69;78;71;94;85;70;91;82;9.9;5.78;0;0;6.46;0;12.46;5.43;0;0;6.46;0
Mes 2;Dia 24;16:00;81;84;88;73;72;86;69;84;83;85;81;72;9.9;5.78;0;0;6.46;0;12.46;5.43;0;0;6.46;0
Mes 2;Dia 24;17:00;70;73;98;91;73;91;96;70;89;94;68;83;9.9;5.78;0;0;6.46;0;12.46;5.43;0;0;6.46;0
Mes 2;Dia 24;18:00;74;70;82;76;76;73;89;96;98;95;82;72;9.9;5.78;0;0;6.46;0;12.46;5.43;0;0;6.46;0
Mes 2;Dia 24;19:00;80;96;96;94;84;87;82;92;85;82;67;94;9.9;5.78;0;0;6.46;0;12.46;5.43;0;0;6.46;0
Mes 2;Dia 24;20:00;93;91;89;73;98;75;71;92;78;67;79;94;9.9;5.78;0;0;6.46;0;12.46;5.43;0;0;6.46;0
Mes 2;Dia 24;21:00;69;90;90;87;82;71;75;75;70;89;94;72;9.9;5.78;0;0;6.46;0;12.46;5.43;0;0;6.46;0
Mes 2;Dia 24;22:00;98;82;75;83;96;72;92;74;92;94;94;92;9.9;5.78;0;0;6.46;0;12.46;5.43;0;0;6.46;0
Mes 2;Dia 24;23:00;94;72;96;87;96;67;97;72;70;83;83;71;9.9;5.78;0;0;6.46;0;12.46;5.43;0;0;6.46;0
Mes 2;Dia 25;00:00;81;91;78;97;95;74;75;89;82;90;79;91;9.9;5.78;0;0;6.46;0;12.46;5.43;0;0;6.46;0
Mes 2;Dia 25;01:00;97;76;91;93;70;72;92;94;97;73;98;98;9.9;5.78;0;0;6.46;0;12.46;5.43;0;0;6.46;0
Mes 2;Dia 25;02:00;81;83;94;81;70;96;86;82;92;95;98;81;9.9;5.78;0;0;6.46;0;12.46;5.43;0;0;6.46;0
Mes 2;Dia 25;03:00;82;76;83;83;86;68;70;88;82;82;97;68;9.9;5.78;0;0;6.46;0;12.46;5.43;0;0;6.46;0
Mes 2;Dia 25;04:00;81;95;83;75;96;77;67;90;79;77;76;74;9.9;5.78;0;0;6.46;0;12.46;5.43;0;0;6.46;0
Mes 2;Dia 25;05:00;93;79;95;78;91;96;96;74;93;83;77;75;9.9;5.78;0;0;6.46;0;12.46;5.43;0;0;6.46;0
Mes 2;Dia 25;06:00;71;74;70;85;95;71;69;73;93;70;76;80;9.9;5.78;0;0;6.46;0;12.46;5.43;0;0;6.46;0
Mes 2;Dia 25;07:00;95;97;68;72;94;77;92;72;88;69;69;73;9.9;5.78;0;0;6.46;0;12.46;5.43;0;0;6.46;0
Mes 2;Dia 25;08:00;72;94;75;79;85;85;86;80;96;77;98;91;9.9;5.78;0;0;6.46;0;12.46;5.43;0;0;6.46;0
Mes 2;Dia 25;09:00;81;92;71;79;70;78;72;98;90;95;75;72;9.9;5.78;0;0;6.46;0;12.46;5.43;0;0;6.46;0
Mes 2;Dia 25;10:00;82;82;67;77;88;74;95;68;86;79;72;93;9.9;5.78;0;0;6.46;0;12.46;5.43;0;0;6.46;0
Mes 2;Dia 25;11:00;75;81;72;72;68;80;78;69;73;75;97;84;9.9;5.78;0;0;6.46;0;12.46;5.43;0;0;6.46;0
Mes 2;Dia 25;12:00;72;89;79;83;90;83;76;74;82;88;77;85;9.9;5.78;0;0;6.46;0;12.46;5.43;0;0;6.46;0
Mes 2;Dia 25;13:00;86;77;78;86;75;86;79;83;69;94;74;78;9.9;5.78;0;0;6.46;0;12.46;5.43;0;0;6.46;0
Mes 2;Dia 25;14:00;78;92;81;72;89;95;80;69;98;88;92;89;9.9;5.78;0;0;6.46;0;12.46;5.43;0;0;6.46;0
Mes 2;Dia 25;15:00;77;74;87;92;85;86;70;94;79;68;67;96;9.9;5.78;0;0;6.46;0;12.46;5.43;0;0;6.46;0
Mes 2;Dia 25;16:00;70;70;83;67;81;68;68;84;67;87;98;86;9.9;5.78;0;0;6.46;0;12.46;5.43;0;0;6.46;0
Mes 2;Dia 25;17:00;73;86;78;70;69;95;98;91;91;84;68;68;9.9;5.78;0;0;6.46;0;12.46;5.43;0;0;6.46;0
Mes 2;Dia 25;18:00;89;90;79;92;82;90;83;87;75;68;70;71;9.9;5.78;0;0;6.46;0;12.46;5.43;0;0;6.46;0
Mes 2;Dia 25;19:00;90;94;71;74;90;95;95;71;73;72;77;93;9.9;5.78;0;0;6.46;0;12.46;5.43;0;0;6.46;0
Mes 2;Dia 25;20:00;89;74;70;67;68;92;84;71;97;78;97;72;9.9;5.78;0;0;6.46;0;12.46;5.43;0;0;6.46;0
Mes 2;Dia 25;21:00;69;74;69;67;85;93;79;68;77;80;90;77;9.9;5.78;0;0;6.46;0;12.46;5.43;0;0;6.46;0
Mes 2;Dia 25;22:00;94;98;75;69;94;77;78;92;77;89;72;84;9.9;5.78;0;0;6.46;0;12.46;5.43;0;0;6.46;0
Mes 2;Dia 25;23:00;89;84;75;90;94;69;70;79;70;79;79;73;9.9;5.78;0;0;6.46;0;12.46;5.43;0;0;6.46;0
Mes 2;Dia 26;00:00;86;71;85;73;89;67;67;91;89;87;70;82;9.9;5.78;0;0;6.46;0;12.46;5.43;0;0;6.46;0
Mes 2;Dia 26;01:00;76;94;72;70;92;78;96;89;92;98;75;97;9.9;5.78;0;0;6.46;0;12.46;5.43;0;0;6.46;0
Mes 2;Dia 26;02:00;91;89;92;73;88;74;76;75;83;90;69;88;9.9;5.78;0;0;6.46;0;12.46;5.43;0;0;6.46;0
Mes 2;Dia 26;03:00;74;73;81;92;78;70;69;83;93;90;79;82;9.9;5.78;0;0;6.46;0;12.46;5.43;0;0;6.46;0
Mes 2;Dia 26;04:00;67;83;94;88;79;72;83;69;93;70;67;73;9.9;5.78;0;0;6.46;0;12.46;5.43;0;0;6.46;0
Mes 2;Dia 26;05:00;71;67;80;82;92;90;70;84;94;83;95;80;9.9;5.78;0;0;6.46;0;12.46;5.43;0;0;6.46;0
Mes 2;Dia 26;06:00;91;70;94;74;76;75;95;92;71;83;95;83;9.9;5.78;0;0;6.46;0;12.46;5.43;0;0;6.46;0
Mes 2;Dia 26;07:00;78;93;83;80;80;75;86;79;67;73;95;72;9.9;5.78;0;0;6.46;0;12.46;5.43;0;0;6.46;0
Mes 2;Dia 26;08:00;93;92;78;89;86;97;74;80;76;73;72;67;9.9;5.78;0;0;6.46;0;12.46;5.43;0;0;6.46;0
Mes 2;Dia 26;09:00;82;78;79;80;90;97;84;70;92;96;71;95;9.9;5.78;0;0;6.46;0;12.46;5.43;0;0;6.46;0
Mes 2;Dia 26;10:00;69;87;87;73;98;72;73;91;89;78;87;79;9.9;5.78;0;0;6.46;0;12.46;5.43;0;0;6.46;0
Mes 2;Dia 26;11:00;75;70;79;73;86;82;73;76;82;95;78;84;9.9;5.78;0;0;6.46;0;12.46;5.43;0;0;6.46;0
Mes 2;Dia 26;12:00;88;82;94;94;86;83;76;89;72;81;98;70;9.9;5.78;0;0;6.46;0;12.46;5.43;0;0;6.46;0
Mes 2;Dia 26;13:00;81;94;91;72;82;73;88;91;92;81;71;75;9.9;5.78;0;0;6.46;0;12.46;5.43;0;0;6.46;0
Mes 2;Dia 26;14:00;67;89;76;95;87;82;81;81;76;89;83;96;9.9;5.78;0;0;6.46;0;12.46;5.43;0;0;6.46;0
Mes 2;Dia 26;15:00;74;78;67;72;84;70;69;92;94;75;85;82;9.9;5.78;0;0;6.46;0;12.46;5.43;0;0;6.46;0
Mes 2;Dia 26;16:00;69;69;89;88;68;87;98;87;95;70;92;97;9.9;5.78;0;0;6.46;0;12.46;5.43;0;0;6.46;0
Mes 2;Dia 26;17:00;92;87;97;80;71;70;92;72;87;97;70;84;9.9;5.78;0;0;6.46;0;12.46;5.43;0;0;6.46;0
Mes 2;Dia 26;18:00;86;92;76;95;83;80;87;85;89;69;67;76;9.9;5.78;0;0;6.46;0;12.46;5.43;0;0;6.46;0
Mes 2;Dia 26;19:00;94;70;97;96;77;98;71;72;72;77;83;72;9.9;5.78;0;0;6.46;0;12.46;5.43;0;0;6.46;0
Mes 2;Dia 26;20:00;90;71;82;81;76;81;74;94;90;89;71;74;9.9;5.78;0;0;6.46;0;12.46;5.43;0;0;6.46;0
Mes 2;Dia 26;21:00;69;67;70;72;67;83;91;69;74;97;78;89;9.9;5.78;0;0;6.46;0;12.46;5.43;0;0;6.46;0
Mes 2;Dia 26;22:00;75;79;84;81;74;67;67;68;70;75;74;72;9.9;5.78;0;0;6.46;0;12.46;5.43;0;0;6.46;0
Mes 2;Dia 26;23:00;97;88;76;82;85;81;79;90;83;86;73;95;9.9;5.78;0;0;6.46;0;12.46;5.43;0;0;6.46;0
Mes 2;Dia 27;00:00;81;69;84;80;77;78;95;85;85;88;91;70;9.9;5.78;0;0;6.46;0;12.46;5.43;0;0;6.46;0
Mes 2;Dia 27;01:00;92;67;79;76;76;85;87;67;72;89;74;83;9.9;5.78;0;0;6.46;0;12.46;5.43;0;0;6.46;0
Mes 2;Dia 27;02:00;89;73;81;82;98;75;87;91;67;83;86;84;9.9;5.78;0;0;6.46;0;12.46;5.43;0;0;6.46;0
Mes 2;Dia 27;03:00;89;81;88;67;76;68;83;67;91;70;68;73;9.9;5.78;0;0;6.46;0;12.46;5.43;0;0;6.46;0
Mes 2;Dia 27;04:00;87;87;82;72;83;98;72;84;74;68;89;98;9.9;5.78;0;0;6.46;0;12.46;5.43;0;0;6.46;0
Mes 2;Dia 27;05:00;89;68;76;95;97;78;81;89;77;78;96;71;9.9;5.78;0;0;6.46;0;12.46;5.43;0;0;6.46;0
Mes 2;Dia 27;06:00;97;91;94;86;71;98;92;77;85;90;70;82;9.9;5.78;0;0;6.46;0;12.46;5.43;0;0;6.46;0
Mes 2;Dia 27;07:00;84;74;88;91;94;73;80;70;83;95;97;89;9.9;5.78;0;0;6.46;0;12.46;5.43;0;0;6.46;0
Mes 2;Dia 27;08:00;70;98;78;97;75;76;88;84;83;98;98;89;9.9;5.78;0;0;6.46;0;12.46;5.43;0;0;6.46;0
Mes 2;Dia 27;09:00;87;71;71;78;68;96;69;91;78;77;93;96;9.9;5.78;0;0;6.46;0;12.46;5.43;0;0;6.46;0
Mes 2;Dia 27;10:00;83;70;95;70;83;69;91;95;91;97;81;68;9.9;5.78;0;0;6.46;0;12.46;5.43;0;0;6.46;0
Mes 2;Dia 27;11:00;76;70;82;92;97;84;89;88;69;85;73;76;9.9;5.78;0;0;6.46;0;12.46;5.43;0;0;6.46;0
Mes 2;Dia 27;12:00;82;80;91;75;81;67;79;81;85;80;87;81;9.9;5.78;0;0;6.46;0;12.46;5.43;0;0;6.46;0
Mes 2;Dia 27;13:00;82;76;73;72;68;75;94;83;96;91;67;72;9.9;5.78;0;0;6.46;0;12.46;5.43;0;0;6.46;0
Mes 2;Dia 27;14:00;89;77;86;69;78;87;92;88;72;92;71;98;9.9;5.78;0;0;6.46;0;12.46;5.43;0;0;6.46;0
Mes 2;Dia 27;15:00;83;82;90;98;83;93;71;74;68;76;69;67;9.9;5.78;0;0;6.46;0;12.46;5.43;0;0;6.46;0
Mes 2;Dia 27;16:00;68;98;69;88;94;74;86;79;86;80;89;92;9.9;5.78;0;0;6.46;0;12.46;5.43;0;0;6.46;0
Mes 2;Dia 27;17:00;67;91;84;82;76;93;92;88;81;79;96;93;9.9;5.78;0;0;6.46;0;12.46;5.43;0;0;6.46;0
Mes 2;Dia 27;18:00;96;77;74;75;86;90;67;71;93;68;94;98;9.9;5.78;0;0;6.46;0;12.46;5.43;0;0;6.46;0
Mes 2;Dia 27;19:00;96;79;77;68;98;97;79;84;74;73;93;90;9.9;5.78;0;0;6.46;0;12.46;5.43;0;0;6.46;0
Mes 2;Dia 27;20:00;96;95;80;68;82;69;68;96;77;93;74;91;9.9;5.78;0;0;6.46;0;12.46;5.43;0;0;6.46;0
Mes 2;Dia 27;21:00;75;85;81;97;96;87;98;98;71;73;82;93;9.9;5.78;0;0;6.46;0;12.46;5.43;0;0;6.46;0
Mes 2;Dia 27;22:00;93;80;91;79;78;91;79;95;92;80;94;84;9.9;5.78;0;0;6.46;0;12.46;5.43;0;0;6.46;0
Mes 2;Dia 27;23:00;94;95;86;68;71;96;86;95;72;74;69;72;9.9;5.78;0;0;6.46;0;12.46;5.43;0;0;6.46;0
Mes 2;Dia 28;00:00;67;72;77;86;74;80;98;97;70;94;68;68;9.9;5.78;0;0;6.46;0;12.46;5.43;0;0;6.46;0
Mes 2;Dia 28;01:00;84;74;94;91;98;82;97;91;68;71;91;67;9.9;5.78;0;0;6.46;0;12.46;5.43;0;0;6.46;0
Mes 2;Dia 28;02:00;67;73;79;92;84;98;90;68;92;86;80;70;9.9;5.78;0;0;6.46;0;12.46;5.43;0;0;6.46;0
Mes 2;Dia 28;03:00;91;95;97;96;87;76;91;93;97;91;73;86;9.9;5.78;0;0;6.46;0;12.46;5.43;0;0;6.46;0
Mes 2;Dia 28;04:00;68;68;71;71;91;93;98;90;90;70;67;73;9.9;5.78;0;0;6.46;0;12.46;5.43;0;0;6.46;0
Mes 2;Dia 28;05:00;83;86;93;93;74;70;84;83;82;83;67;73;9.9;5.78;0;0;6.46;0;12.46;5.43;0;0;6.46;0
Mes 2;Dia 28;06:00;74;75;74;74;74;70;83;70;84;83;76;70;9.9;5.78;0;0;6.46;0;12.46;5.43;0;0;6.46;0
Mes 2;Dia 28;07:00;98;89;83;82;93;78;84;83;85;86;78;93;9.9;5.78;0;0;6.46;0;12.46;5.43;0;0;6.46;0
Mes 2;Dia 28;08:00;93;76;83;85;83;93;92;69;84;77;89;84;9.9;5.78;0;0;6.46;0;12.46;5.43;0;0;6.46;0
Mes 2;Dia 28;09:00;71;91;84;69;76;75;71;70;88;83;80;86;9.9;5.78;0;0;6.46;0;12.46;5.43;0;0;6.46;0
Mes 2;Dia 28;10:00;98;76;79;73;77;77;71;97;82;73;78;75;9.9;5.78;0;0;6.46;0;12.46;5.43;0;0;6.46;0
Mes 2;Dia 28;11:00;85;69;76;96;79;83;80;73;97;83;92;97;9.9;5.78;0;0;6.46;0;12.46;5.43;0;0;6.46;0
Mes 2;Dia 28;12:00;77;94;72;75;91;77;93;79;90;84;73;81;9.9;5.78;0;0;6.46;0;12.46;5.43;0;0;6.46;0
Mes 2;Dia 28;13:00;95;97;72;74;83;81;70;84;81;81;80;69;9.9;5.78;0;0;6.46;0;12.46;5.43;0;0;6.46;0
Mes 2;Dia 28;14:00;91;79;87;97;96;68;97;84;91;86;75;86;9.9;5.78;0;0;6.46;0;12.46;5.43;0;0;6.46;0
Mes 2;Dia 28;15:00;90;86;94;87;73;90;78;95;94;74;94;88;9.9;5.78;0;0;6.46;0;12.46;5.43;0;0;6.46;0
Mes 2;Dia 28;16:00;97;71;67;87;87;91;93;79;93;81;71;69;9.9;5.78;0;0;6.46;0;12.46;5.43;0;0;6.46;0
Mes 2;Dia 28;17:00;93;94;97;93;78;74;97;86;96;82;82;72;9.9;5.78;0;0;6.46;0;12.46;5.43;0;0;6.46;0
Mes 2;Dia 28;18:00;83;82;71;77;86;92;82;80;91;93;80;80;9.9;5.78;0;0;6.46;0;12.46;5.43;0;0;6.46;0
Mes 2;Dia 28;19:00;68;79;97;92;76;97;88;97;68;73;72;96;9.9;5.78;0;0;6.46;0;12.46;5.43;0;0;6.46;0
Mes 2;Dia 28;20:00;86;93;89;93;97;89;90;95;80;74;73;95;9.9;5.78;0;0;6.46;0;12.46;5.43;0;0;6.46;0
Mes 2;Dia 28;21:00;87;91;83;83;82;94;84;67;90;94;77;97;9.9;5.78;0;0;6.46;0;12.46;5.43;0;0;6.46;0
Mes 2;Dia 28;22:00;67;80;73;68;93;97;82;71;95;77;82;71;9.9;5.78;0;0;6.46;0;12.46;5.43;0;0;6.46;0
Mes 2;Dia 28;23:00;91;71;77;87;90;97;69;94;76;71;85;90;9.9;5.78;0;0;6.46;0;12.46;5.43;0;0;6.46;0
Mes 2;Dia 29;00:00;92;94;90;81;84;90;77;67;76;86;74;80;9.9;5.78;0;0;6.46;0;12.46;5.43;0;0;6.46;0
Mes 2;Dia 29;01:00;70;72;96;91;70;67;90;78;89;88;78;67;9.9;5.78;0;0;6.46;0;12.46;5.43;0;0;6.46;0
Mes 2;Dia 29;02:00;75;71;70;81;68;85;70;86;83;87;81;68;9.9;5.78;0;0;6.46;0;12.46;5.43;0;0;6.46;0
Mes 2;Dia 29;03:00;77;72;75;82;82;76;79;88;68;72;68;88;9.9;5.78;0;0;6.46;0;12.46;5.43;0;0;6.46;0
Mes 2;Dia 29;04:00;98;72;72;88;80;73;81;76;88;94;84;93;9.9;5.78;0;0;6.46;0;12.46;5.43;0;0;6.46;0
Mes 2;Dia 29;05:00;73;97;69;74;82;76;80;86;81;83;81;86;9.9;5.78;0;0;6.46;0;12.46;5.43;0;0;6.46;0
Mes 2;Dia 29;06:00;69;90;75;81;74;70;79;75;89;72;70;70;9.9;5.78;0;0;6.46;0;12.46;5.43;0;0;6.46;0
Mes 2;Dia 29;07:00;88;73;79;81;86;73;95;95;83;75;77;77;9.9;5.78;0;0;6.46;0;12.46;5.43;0;0;6.46;0
Mes 2;Dia 29;08:00;88;68;77;91;67;74;93;81;95;93;74;67;9.9;5.78;0;0;6.46;0;12.46;5.43;0;0;6.46;0
Mes 2;Dia 29;09:00;74;88;77;81;81;70;67;67;96;77;82;78;9.9;5.78;0;0;6.46;0;12.46;5.43;0;0;6.46;0
Mes 2;Dia 29;10:00;83;74;88;68;79;71;85;98;78;71;77;82;9.9;5.78;0;0;6.46;0;12.46;5.43;0;0;6.46;0
Mes 2;Dia 29;11:00;90;86;81;84;70;83;72;80;92;84;80;72;9.9;5.78;0;0;6.46;0;12.46;5.43;0;0;6.46;0
Mes 2;Dia 29;12:00;80;79;68;88;95;87;97;76;84;93;79;82;9.9;5.78;0;0;6.46;0;12.46;5.43;0;0;6.46;0
Mes 2;Dia 29;13:00;75;77;89;73;95;95;69;89;91;85;84;97;9.9;5.78;0;0;6.46;0;12.46;5.43;0;0;6.46;0
Mes 2;Dia 29;14:00;74;86;95;92;86;83;98;89;90;82;74;69;9.9;5.78;0;0;6.46;0;12.46;5.43;0;0;6.46;0
Mes 2;Dia 29;15:00;81;80;78;79;72;72;95;88;89;80;97;77;9.9;5.78;0;0;6.46;0;12.46;5.43;0;0;6.46;0
Mes 2;Dia 29;16:00;92;81;76;91;77;70;89;85;77;81;81;92;9.9;5.78;0;0;6.46;0;12.46;5.43;0;0;6.46;0
Mes 2;Dia 29;17:00;97;96;75;67;79;85;68;68;94;70;81;87;9.9;5.78;0;0;6.46;0;12.46;5.43;0;0;6.46;0
Mes 2;Dia 29;18:00;74;97;95;92;79;86;82;86;92;75;73;79;9.9;5.78;0;0;6.46;0;12.46;5.43;0;0;6.46;0
Mes 2;Dia 29;19:00;98;68;75;91;97;95;83;72;80;71;94;79;9.9;5.78;0;0;6.46;0;12.46;5.43;0;0;6.46;0
Mes 2;Dia 29;20:00;74;75;81;80;83;88;87;85;84;84;79;82;9.9;5.78;0;0;6.46;0;12.46;5.43;0;0;6.46;0
Mes 2;Dia 29;21:00;93;71;97;98;97;94;90;71;79;89;94;97;9.9;5.78;0;0;6.46;0;12.46;5.43;0;0;6.46;0
Mes 2;Dia 29;22:00;83;81;69;85;96;88;71;83;70;95;85;80;9.9;5.78;0;0;6.46;0;12.46;5.43;0;0;6.46;0
Mes 2;Dia 29;23:00;81;68;77;83;90;73;77;92;75;67;95;69;9.9;5.78;0;0;6.46;0;12.46;5.43;0;0;6.46;0
Mes 2;Dia 30;00:00;90;90;98;77;68;70;78;96;75;79;83;68;9.9;5.78;0;0;6.46;0;12.46;5.43;0;0;6.46;0
Mes 2;Dia 30;01:00;82;73;95;74;96;93;91;86;67;85;94;75;9.9;5.78;0;0;6.46;0;12.46;5.43;0;0;6.46;0
Mes 2;Dia 30;02:00;83;90;98;89;94;81;91;89;93;79;95;70;9.9;5.78;0;0;6.46;0;12.46;5.43;0;0;6.46;0
Mes 2;Dia 30;03:00;78;76;88;80;67;69;85;88;87;86;94;87;9.9;5.78;0;0;6.46;0;12.46;5.43;0;0;6.46;0
Mes 2;Dia 30;04:00;97;89;87;84;95;75;70;95;95;70;85;70;9.9;5.78;0;0;6.46;0;12.46;5.43;0;0;6.46;0
Mes 2;Dia 30;05:00;72;94;72;93;72;69;82;90;92;81;90;81;9.9;5.78;0;0;6.46;0;12.46;5.43;0;0;6.46;0
Mes 2;Dia 30;06:00;94;89;75;71;68;95;96;96;69;93;68;97;9.9;5.78;0;0;6.46;0;12.46;5.43;0;0;6.46;0
Mes 2;Dia 30;07:00;71;79;68;88;96;82;68;81;96;89;71;91;9.9;5.78;0;0;6.46;0;12.46;5.43;0;0;6.46;0
Mes 2;Dia 30;08:00;83;88;72;83;91;71;96;85;89;98;68;73;9.9;5.78;0;0;6.46;0;12.46;5.43;0;0;6.46;0
Mes 2;Dia 30;09:00;91;95;84;84;72;68;71;72;80;91;89;83;9.9;5.78;0;0;6.46;0;12.46;5.43;0;0;6.46;0
Mes 2;Dia 30;10:00;90;70;93;74;71;83;90;92;72;98;89;87;9.9;5.78;0;0;6.46;0;12.46;5.43;0;0;6.46;0
Mes 2;Dia 30;11:00;94;68;86;72;73;76;74;68;88;93;84;67;9.9;5.78;0;0;6.46;0;12.46;5.43;0;0;6.46;0
Mes 2;Dia 30;12:00;68;72;85;75;74;96;80;84;91;94;73;88;9.9;5.78;0;0;6.46;0;12.46;5.43;0;0;6.46;0
Mes 2;Dia 30;13:00;76;90;97;88;76;98;73;71;74;80;73;85;9.9;5.78;0;0;6.46;0;12.46;5.43;0;0;6.46;0
Mes 2;Dia 30;14:00;96;75;73;75;69;69;69;80;86;90;86;84;9.9;5.78;0;0;6.46;0;12.46;5.43;0;0;6.46;0
Mes 2;Dia 30;15:00;88;76;91;78;97;98;93;92;73;69;87;92;9.9;5.78;0;0;6.46;0;12.46;5.43;0;0;6.46;0
Mes 2;Dia 30;16:00;75;80;81;70;88;86;86;73;89;80;87;95;9.9;5.78;0;0;6.46;0;12.46;5.43;0;0;6.46;0
Mes 2;Dia 30;17:00;82;95;96;73;89;76;68;71;88;88;69;97;9.9;5.78;0;0;6.46;0;12.46;5.43;0;0;6.46;0
Mes 2;Dia 30;18:00;73;98;81;98;89;68;71;81;77;84;72;80;9.9;5.78;0;0;6.46;0;12.46;5.43;0;0;6.46;0
Mes 2;Dia 30;19:00;86;84;86;87;86;78;78;71;68;86;93;79;9.9;5.78;0;0;6.46;0;12.46;5.43;0;0;6.46;0
Mes 2;Dia 30;20:00;67;98;67;74;89;93;67;67;69;83;95;67;9.9;5.78;0;0;6.46;0;12.46;5.43;0;0;6.46;0
Mes 2;Dia 30;21:00;83;82;69;74;74;70;82;95;84;75;75;85;9.9;5.78;0;0;6.46;0;12.46;5.43;0;0;6.46;0
Mes 2;Dia 30;22:00;69;71;72;77;91;81;70;72;90;92;82;76;9.9;5.78;0;0;6.46;0;12.46;5.43;0;0;6.46;0
Mes 2;Dia 30;23:00;78;70;73;83;79;95;74;68;77;85;69;89;9.9;5.78;0;0;6.46;0;12.46;5.43;0;0;6.46;0
Mes 2;Dia 31;00:00;88;73;67;80;84;83;87;72;89;68;84;94;9.9;5.78;0;0;6.46;0;12.46;5.43;0;0;6.46;0
Mes 2;Dia 31;01:00;86;94;84;91;84;90;88;93;92;82;91;72;9.9;5.78;0;0;6.46;0;12.46;5.43;0;0;6.46;0
Mes 2;Dia 31;02:00;98;84;97;72;79;72;67;83;97;91;78;89;9.9;5.78;0;0;6.46;0;12.46;5.43;0;0;6.46;0
Mes 2;Dia 31;03:00;85;67;77;89;88;68;98;78;92;92;77;88;9.9;5.78;0;0;6.46;0;12.46;5.43;0;0;6.46;0
Mes 2;Dia 31;04:00;81;77;96;98;85;79;77;75;74;69;96;76;9.9;5.78;0;0;6.46;0;12.46;5.43;0;0;6.46;0
Mes 2;Dia 31;05:00;92;85;74;72;72;91;89;67;95;91;97;91;9.9;5.78;0;0;6.46;0;12.46;5.43;0;0;6.46;0
Mes 2;Dia 31;06:00;68;95;93;88;75;84;96;67;92;87;74;89;9.9;5.78;0;0;6.46;0;12.46;5.43;0;0;6.46;0
Mes 2;Dia 31;07:00;77;89;92;96;73;78;81;82;81;83;80;88;9.9;5.78;0;0;6.46;0;12.46;5.43;0;0;6.46;0
Mes 2;Dia 31;08:00;67;74;69;72;68;69;90;75;70;88;67;92;9.9;5.78;0;0;6.46;0;12.46;5.43;0;0;6.46;0
Mes 2;Dia 31;09:00;96;70;93;91;84;80;84;95;67;82;97;70;9.9;5.78;0;0;6.46;0;12.46;5.43;0;0;6.46;0
Mes 2;Dia 31;10:00;84;83;79;86;79;86;77;91;92;87;90;82;9.9;5.78;0;0;6.46;0;12.46;5.43;0;0;6.46;0
Mes 2;Dia 31;11:00;72;82;77;80;87;69;82;88;73;81;80;76;9.9;5.78;0;0;6.46;0;12.46;5.43;0;0;6.46;0
Mes 2;Dia 31;12:00;73;98;81;78;79;73;97;97;69;73;77;83;9.9;5.78;0;0;6.46;0;12.46;5.43;0;0;6.46;0
Mes 2;Dia 31;13:00;90;80;71;86;96;77;83;70;68;93;73;75;9.9;5.78;0;0;6.46;0;12.46;5.43;0;0;6.46;0
Mes 2;Dia 31;14:00;76;96;67;77;96;73;93;86;72;87;91;73;9.9;5.78;0;0;6.46;0;12.46;5.43;0;0;6.46;0
Mes 2;Dia 31;15:00;87;86;85;95;93;71;68;90;80;81;79;89;9.9;5.78;0;0;6.46;0;12.46;5.43;0;0;6.46;0
Mes 2;Dia 31;16:00;82;72;82;93;76;67;69;79;95;88;92;80;9.9;5.78;0;0;6.46;0;12.46;5.43;0;0;6.46;0
Mes 2;Dia 31;17:00;67;76;98;92;89;92;78;68;71;72;81;72;9.9;5.78;0;0;6.46;0;12.46;5.43;0;0;6.46;0
Mes 2;Dia 31;18:00;91;96;87;95;91;71;83;94;79;81;82;78;9.9;5.78;0;0;6.46;0;12.46;5.43;0;0;6.46;0
Mes 2;Dia 31;19:00;72;94;91;89;82;68;89;85;80;71;81;77;9.9;5.78;0;0;6.46;0;12.46;5.43;0;0;6.46;0
Mes 2;Dia 31;20:00;96;75;93;90;91;71;86;97;67;95;80;92;9.9;5.78;0;0;6.46;0;12.46;5.43;0;0;6.46;0
Mes 2;Dia 31;21:00;95;90;77;89;83;85;98;91;76;95;68;86;9.9;5.78;0;0;6.46;0;12.46;5.43;0;0;6.46;0
Mes 2;Dia 31;22:00;68;82;98;94;76;68;90;98;95;94;87;75;9.9;5.78;0;0;6.46;0;12.46;5.43;0;0;6.46;0
Mes 2;Dia 31;23:00;97;80;72;75;82;77;91;79;89;91;98;73;9.9;5.78;0;0;6.46;0;12.46;5.43;0;0;6.46;0
